config_name,dataset,attention_backend,token_method,token_retention,awq_dequant_threshold,n,n_ok,n_failed,pope_accuracy,pope_precision,pope_recall,pope_f1,pope_yes_ratio,quality,quality_metric,pope_f1_adversarial,pope_f1_popular,pope_f1_random,quality_ci_low,quality_ci_high,preprocess_ms_mean,preprocess_ms_p50,preprocess_ms_p95,preprocess_ms_std,vision_ms_mean,vision_ms_p50,vision_ms_p95,vision_ms_std,compress_ms_mean,compress_ms_p50,compress_ms_p95,compress_ms_std,prefill_ms_mean,prefill_ms_p50,prefill_ms_p95,prefill_ms_std,decode_ms_mean,decode_ms_p50,decode_ms_p95,decode_ms_std,ttft_ms_mean,ttft_ms_p50,ttft_ms_p95,ttft_ms_std,total_latency_ms_mean,total_latency_ms_p50,total_latency_ms_p95,total_latency_ms_std,generated_tokens_mean,generated_tokens_p50,generated_tokens_p95,generated_tokens_std,tokens_per_second_mean,tokens_per_second_p50,tokens_per_second_p95,tokens_per_second_std,decode_tokens_per_second_mean,decode_tokens_per_second_p50,decode_tokens_per_second_p95,decode_tokens_per_second_std,decode_ms_per_token_p50,peak_allocated_mb_p50,peak_allocated_mb_max,peak_reserved_mb_p50,peak_reserved_mb_max,energy_j_median,energy_j_mean,average_power_w_median,average_power_w_mean,visual_tokens_before_mean,visual_tokens_after_mean,achieved_retention,prefill_seq_len_mean,frac_prefill_ge_1024,isolated_peak_reserved_mb,device_footprint_mb
C0_sdpa_r100,pope,sdpa,none,1.0,1024,200,200,0,0.87,0.9120879120879121,0.8217821782178217,0.8645833333333333,0.455,0.87,POPE accuracy,0.8717948717948718,0.8620689655172413,0.8571428571428571,0.8248749999999999,0.915,11.540552500016474,10.517000000163534,18.348830000059024,4.478244698358327,145.19451199998684,145.51615000004858,189.88817499998726,27.1657164073969,1.8220905000111998,1.980150000008507,2.7301350000016087,0.6414745803721179,324.39983699999175,328.11724999987746,380.2544800000987,45.97868506363328,96.75741700000117,116.95309999981873,134.91132999981798,30.264081432322705,482.95699200000627,496.78354999991825,586.0075049994747,70.29230575004144,579.7144090000074,580.6564999998045,711.0920299996222,83.44314458336187,2.0,2.0,2.0,0.0,3.52415188209672,3.4443774475595066,4.603341738371969,0.5260639819071862,11.508826414626196,8.550439793834908,17.115161337522835,3.823161342457604,116.95309999981873,3321.78173828125,3350.1572265625,7782.0,7782.0,40.90995474659552,40.77109969264765,69.78940920608107,70.0893668137543,349.005,349.005,1.0,388.275,0.0,3500.0,4600.5
C1_sdpa_r75,pope,sdpa,visionzip,0.75,1024,200,200,0,0.885,0.9148936170212766,0.8514851485148515,0.8820512820512821,0.47,0.885,POPE accuracy,0.8717948717948718,0.9,0.8771929824561403,0.84,0.925,11.665667500001291,10.39184999990539,19.02350500022294,4.630360688940439,145.859883500018,146.96595000009438,189.3963199999234,26.668731793885236,8.270415499987394,9.007599999904414,11.155544999837726,2.5630359328233077,254.60904799999298,257.13980000000447,313.6255599998549,35.32940853925019,96.49653700001181,116.79845000003297,130.84570999972127,29.596870819314308,420.40501449999965,426.6736499998842,515.4535200006874,60.663938959402365,516.9015515000115,510.545749999892,634.7232149995989,76.20163680024403,2.0,2.0,2.0,0.0,3.9560909754333693,3.9173848835364184,5.245255733179442,0.6026570153196318,11.496468733575762,8.561757468397285,17.01278479060132,3.767345042607128,116.79845000003297,3320.888671875,3346.2958984375,7782.0,7782.0,33.88394694624573,34.39683083179008,65.78531749622925,66.40749408106346,349.005,261.78,0.7500752138221515,301.05,0.0,3512.0,4612.5
C2_sdpa_r50,pope,sdpa,visionzip,0.5,1024,200,200,0,0.88,0.9052631578947369,0.8514851485148515,0.8775510204081632,0.475,0.88,POPE accuracy,0.8717948717948718,0.9,0.8620689655172413,0.835,0.92,11.982624500008114,10.980400000107693,19.376660000193624,5.027554669346766,145.93179499998996,146.52929999988373,190.55333999997399,27.746966151727126,8.287236499986648,8.968449999883887,11.826164999934006,2.4958208351737103,181.64410950003912,180.17485000018496,217.55035499979837,21.582742125495397,96.9990554999913,117.37610000000132,131.50653999971382,29.92574396050565,347.84576550002384,351.9767000000229,427.92356500028745,49.381999929261895,444.84482100001514,443.1486000003133,547.9391350000469,67.69491642071341,2.0,2.0,2.0,0.0,4.60465766280857,4.513199584820259,6.027178202249556,0.729135858103407,11.46282045066954,8.519629807732755,17.095340861455476,3.803290829007029,117.37610000000132,3320.888671875,3346.2958984375,7782.0,7782.0,28.939803038664333,29.65112534016059,67.07623000000001,66.50786941142579,349.005,174.515,0.5000358161057864,213.785,0.0,3512.0,4612.5
C3_sdpa_r25,pope,sdpa,visionzip,0.25,1024,200,200,0,0.865,0.9302325581395349,0.7920792079207921,0.855614973262032,0.43,0.865,POPE accuracy,0.8571428571428572,0.8928571428571429,0.8148148148148148,0.815,0.91,11.942820500021298,11.824650000107795,19.150384999898048,4.624623715562796,145.75364300001638,145.21594999973786,188.68406000024152,26.11532044277346,8.30446600000414,9.111999999959153,11.46796499999709,2.397322081828259,121.89358900000116,122.77494999989358,144.69086000010515,14.653975947110434,96.7925450000007,117.1710499997971,134.8976849997598,30.099338195221303,287.894518500043,290.1833999999326,360.61522000036337,42.90627849156858,384.6870635000437,393.28729999988354,486.8717800002969,67.63740796885739,2.0,2.0,2.0,0.0,5.368102662366376,5.085341219837482,7.138282271748446,0.9811863985752356,11.480302158192224,8.534538122959164,16.83375324822142,3.763603351164901,117.1710499997971,3320.888671875,3346.2958984375,7782.0,7782.0,25.066015410221425,25.40622320497421,66.46673945409431,65.99319222815043,349.005,87.225,0.24992478617784844,126.495,0.0,3506.0,4606.5
U2_sdpa_uniform_r50,pope,sdpa,uniform,0.5,1024,200,200,0,0.89,0.9247311827956989,0.8514851485148515,0.8865979381443299,0.465,0.89,POPE accuracy,0.8974358974358975,0.9,0.8571428571428571,0.845,0.93,11.918480500000896,10.864150000088557,19.145150000349528,4.712406749614275,145.3962440000032,146.2920500000564,188.6894450001136,27.45988552198716,1.9600640000112435,2.184450000186189,2.8453099998159797,0.6039813630047022,182.17168649998936,182.6854999999341,215.92273500029933,22.08651013775968,98.22468199999321,117.58815000007417,137.46637500007637,30.472763766022133,341.44647500000474,343.3240500005468,410.69883500010747,48.023790126346654,439.6711569999979,435.85635000022194,542.8990450003312,66.20724501082077,2.0,2.0,2.0,0.0,4.653878270117962,4.588678079164217,6.063508336669978,0.7127645269073095,11.337566100861123,8.50427403015939,17.03606861119335,3.7969600130845724,117.58815000007417,3320.7275390625,3346.2958984375,7782.0,7782.0,30.110083505911486,30.118962944113505,69.25160387096774,68.4308656441217,349.005,174.515,0.5000358161057864,213.785,0.0,3494.0,4594.5
U3_sdpa_uniform_r25,pope,sdpa,uniform,0.25,1024,200,200,0,0.885,0.9534883720930233,0.8118811881188119,0.8770053475935828,0.43,0.885,POPE accuracy,0.8767123287671232,0.896551724137931,0.8571428571428571,0.84,0.93,11.71295149999878,9.706099999903017,19.519749999835764,4.748000837054305,144.86816849997695,144.60970000004636,188.39042500005684,27.513094302476762,1.9462650000059512,2.1776999999474356,2.870264999955906,0.6234284763966546,120.81282149998742,122.61865000004946,140.30530000020462,12.541756343561937,98.20246500001076,116.63014999999177,139.91429500035792,30.236098903413957,279.3402064999691,284.15700000027755,340.80861500031006,41.296714195444004,377.54267149997986,382.6949499998591,473.92610499987313,64.28000265834267,2.0,2.0,2.0,0.0,5.458224427915029,5.226180916515334,7.14751903724105,0.9628553067276647,11.29995119755516,8.574114488855908,16.71263070987623,3.7006643517217714,116.63014999999177,3320.7275390625,3346.2958984375,7782.0,7782.0,24.29655348853455,24.29830259104943,64.44774999999998,64.44043934544911,349.005,87.225,0.24992478617784844,126.495,0.0,3488.0,4588.5
E0_eager_r100,pope,eager,none,1.0,1024,200,200,0,0.87,0.9120879120879121,0.8217821782178217,0.8645833333333333,0.455,0.87,POPE accuracy,0.8717948717948718,0.8620689655172413,0.8571428571428571,0.8248749999999999,0.915,11.443485000011151,9.664200000088385,18.97137000012208,4.5475848694653385,269.4886054999756,260.28059999975994,381.0705949998009,70.02066830438096,1.8005405000053543,1.985749999903419,2.6160799997342092,0.5638053654771783,309.9591065000027,308.74054999981126,365.83500500021256,43.72936059843351,96.56928000000562,117.75009999996655,131.12275000023598,29.84178676553382,592.6917374999948,598.5501500001646,759.3865649999315,103.49991449052096,689.2610175000004,669.8317000000316,884.1223649999391,122.01241937624584,2.0,2.0,2.0,0.0,2.9962465956044184,2.9858312617781557,4.1205757749070475,0.5486426824502417,11.532103731860161,8.492566204769478,17.136850728875665,3.859116224828307,117.75009999996655,3519.50732421875,3756.56201171875,7782.0,7782.0,44.747123693562585,45.02325782461321,64.9361913265306,65.62824575702717,349.005,349.005,1.0,388.275,0.0,3962.0,5062.5
E1_eager_r75,pope,eager,visionzip,0.75,1024,200,200,0,0.88,0.9139784946236559,0.8415841584158416,0.8762886597938144,0.465,0.88,POPE accuracy,0.8717948717948718,0.9,0.8571428571428571,0.835,0.92,11.654829499991592,10.39775000026566,18.81702999976369,4.413524969119764,268.56470800001034,254.42599999996673,377.7310799998986,68.30706890965959,8.20689349999384,9.106149999979607,10.749859999759792,2.2145618863924357,245.6754944999943,250.97614999981488,287.025045000064,32.04545478166784,97.0600724999872,117.56270000000768,132.19249000001125,30.05505208493003,534.1019254999901,528.6663499998667,676.1238799999545,92.22201903105908,631.1619979999773,614.6922499995071,799.3072149996806,112.23287868916974,2.0,2.0,2.0,0.0,3.274884617485323,3.2536796001262567,4.592768047356288,0.6128795533166215,11.462171413261897,8.506099495697125,16.95821287663192,3.8128045932045764,117.56270000000768,3519.50732421875,3756.56201171875,7782.0,7782.0,38.306093160276546,38.51922166815702,60.85989409141583,61.441889843654515,349.005,261.78,0.7500752138221515,301.05,0.0,3956.0,5056.5
E2_eager_r50,pope,eager,visionzip,0.5,1024,200,200,0,0.875,0.9042553191489362,0.8415841584158416,0.8717948717948718,0.47,0.875,POPE accuracy,0.8717948717948718,0.9,0.8421052631578947,0.83,0.92,11.765237999966303,10.984750000034182,19.253015000094813,4.517115540294231,271.3548344999822,256.9028000000344,383.359985000061,71.20045236211034,8.25959850001027,9.008300000232339,11.958310000341042,2.375729699471389,177.02561950000927,175.86700000015298,207.07195500003758,22.526932774363917,96.73610299999837,117.44459999977153,131.44699999982095,29.76772051044448,468.40529049996803,460.7189000000744,610.7212849995447,88.72484928607076,565.1413934999664,549.8495999997886,743.594679999751,110.60904436797503,2.0,2.0,2.0,0.0,3.6819904685627547,3.6373749893613527,5.168848547271157,0.7514762958731407,11.496745581351448,8.514652870634029,17.13197771297902,3.8287574302062866,117.44459999977153,3519.50732421875,3756.56201171875,7782.0,7782.0,33.80051250818366,33.931408055601466,59.21205519480519,60.69096797743936,349.005,174.515,0.5000358161057864,213.785,0.0,3956.0,5056.5
E3_eager_r25,pope,eager,visionzip,0.25,1024,200,200,0,0.865,0.9302325581395349,0.7920792079207921,0.855614973262032,0.43,0.865,POPE accuracy,0.8571428571428572,0.8928571428571429,0.8148148148148148,0.815,0.91,11.793337999986306,10.775699999840072,19.209325000110766,4.5147733614451395,270.4060215000004,256.14245000019764,380.2531950000912,68.64993027854078,8.413290500025141,9.093299999904048,11.66483499996502,2.517358619055492,116.9443189999788,117.08674999999857,143.37250999985824,13.759797177976305,97.91916049999372,117.44794999981423,140.87517499958722,30.50995902277713,407.55696899999066,399.2882500001542,545.0896550002653,83.53766159588736,505.4761294999844,510.42864999931226,665.5156299999817,109.48394313867759,2.0,2.0,2.0,0.0,4.157366113750165,3.918282341313901,5.830296971929627,0.9503399448350357,11.37132649881298,8.51441009147883,16.86923410868802,3.7911677577950234,117.44794999981423,3519.50732421875,3756.56201171875,7782.0,7782.0,28.88464012337794,29.494730745902363,58.8855935214211,59.29963692245947,349.005,87.225,0.24992478617784844,126.495,0.0,3952.0,5052.5
C0_sdpa_r100,textvqa,sdpa,none,1.0,1024,200,200,0,,,,,,0.7795000000000001,TextVQA VQA-accuracy,,,,0.7255000000000001,0.8340000000000001,23.597913500005415,20.255949999864242,38.56534000005354,8.137584763233951,394.40138899999664,397.70375000000513,493.5777149999126,58.95040863685721,1.9873979999942648,1.5880999999353662,4.284014999973345,1.242506784914836,638.5563995000151,623.8766000000169,906.834604999969,200.4688072510963,316.7049345000171,183.68635000001632,868.8823449999971,527.9341918619284,1058.5431000000112,1034.4581499996366,1352.595300000041,190.28614811464473,1375.2480345000286,1296.1706000003232,2279.002004999853,552.7507448989561,4.735,3.0,13.0,5.64571923926821,3.0822065262997227,2.536677744009081,6.649919986147812,1.7600197543392762,13.314241159185983,15.021956220475257,17.536305700181792,3.7650974236467976,66.56922916663237,3506.56298828125,3524.53759765625,7782.0,7782.0,94.37516130999639,96.2412725321314,72.48497738095239,71.4919808320841,937.195,937.195,1.0,976.555,0.485,3786.0,4886.5
C1_sdpa_r75,textvqa,sdpa,visionzip,0.75,1024,200,200,0,,,,,,0.7735,TextVQA VQA-accuracy,,,,0.7184999999999999,0.8265,24.000692999992523,20.366900000112764,38.31572000003688,8.437560076950698,395.1421100000048,397.3179500000015,493.09615500000064,57.39644634619281,37.070982499992624,39.213750000044456,45.72272000009431,6.740765415601882,653.6189454999942,659.1703499999539,742.5808650000077,72.41987111008774,330.47895600000106,185.90879999999288,837.3203249997907,571.649465368445,1109.8327309999843,1134.0741499999467,1312.3573650000362,130.93290836296285,1440.3116869999853,1291.8212999998673,2072.548310000065,598.7071991333513,4.755,3.0,13.0,5.638611950082936,2.9237497600676368,2.6045959752621606,6.320194214687422,1.5541635237696092,13.09466086184451,15.172496682040531,17.19747367705565,3.8411044084898065,65.90887500010467,3445.6943359375,3455.328125,7782.0,7782.0,96.15543343525262,101.19827734103649,73.40584979193349,72.13629352568056,937.195,702.83,0.7499293103356292,742.19,0.0,3752.0,4852.5
C2_sdpa_r50,textvqa,sdpa,visionzip,0.5,1024,200,200,0,,,,,,0.7380000000000001,TextVQA VQA-accuracy,,,,0.679,0.7955000000000001,23.808117000003932,20.07224999999835,38.28569500007006,7.983594765906487,397.36503849999184,397.78560000002017,500.6794349999905,60.28849770797712,37.06776799999979,38.75290000007681,47.4455249999977,7.040876549511347,432.86276699998206,435.6189000000086,485.59783500006097,43.07583023000227,328.2471410000013,185.7592499998617,866.9371749999522,583.7135751391847,891.1036904999777,904.0269499998885,1062.6307249998572,107.15673385104223,1219.350831499979,1069.754750000051,1818.8738099999155,611.7722650641167,4.75,3.0,13.049999999999983,5.645071671011297,3.449306981669741,2.98858262783438,6.724316670022551,1.6736937620368644,13.131834281534966,15.011245057731895,17.062032059869264,3.685923590335714,66.61683499997935,3445.6943359375,3455.328125,7782.0,7782.0,78.21465006214254,82.895865863559,72.1873804143126,70.52073814915883,937.195,468.74,0.5001520494667598,508.1,0.0,3742.0,4842.5
C3_sdpa_r25,textvqa,sdpa,visionzip,0.25,1024,200,200,0,,,,,,0.6190000000000001,TextVQA VQA-accuracy,,,,0.5539999999999999,0.685,23.870102499989333,19.876000000067506,38.11337999998159,8.294863261940305,396.1219490000037,398.80010000013044,499.3718499999871,59.212560490268885,37.03844050000946,39.342050000016116,45.22205499999785,6.423194288774612,238.95639499999933,236.28504999999222,273.8749000000381,24.931766265828266,313.1805989999936,182.28835000002164,737.6976799999732,585.8411536194074,695.9868870000017,697.8241999999568,827.7111199999949,88.40016667452514,1009.1674859999954,880.6330499999859,1490.6157149999185,609.3575744893003,4.615,3.0,12.0,5.585045988482756,4.079881574781172,3.6325519794309225,7.013231359272172,1.785810239884625,13.324621881829605,15.183373759735137,17.235134267007936,3.759541854716457,65.86155000003373,3445.6943359375,3455.328125,7782.0,7782.0,62.400124086145986,67.61609619415658,72.11928069450187,70.1776128494259,937.195,234.365,0.2500706896643708,273.725,0.0,3730.0,4830.5
U2_sdpa_uniform_r50,textvqa,sdpa,uniform,0.5,1024,200,200,0,,,,,,0.7519999999999999,TextVQA VQA-accuracy,,,,0.6965,0.8080125000000001,23.433715000000106,20.01974999984668,37.35333500000308,7.767237581449189,395.01254749999714,396.3605999998663,506.9088400000183,60.634047543157344,2.0968290000070056,1.6590999999905875,3.8926649999893903,1.2440809405315951,433.91530050000057,433.0785500000047,491.83667999998875,43.9756671763913,307.53297949999245,186.66689999986374,726.4996450000024,507.2483942926005,854.458392000005,863.1756500003576,1026.7228749999845,102.445383035045,1161.9913714999973,1026.8379999998842,1690.0813049999945,527.690714932861,4.63,3.0,11.049999999999983,5.257500026881914,3.575549632199533,3.1350846896440774,6.96150054693241,1.6859509057719377,13.416047844052223,15.07119351773321,17.274542367565868,3.7685400172042622,66.3517500000097,3437.36865234375,3442.98193359375,7782.0,7782.0,73.59129111128743,77.95441234542001,70.05518551587303,68.98972656617113,937.195,468.74,0.5001520494667598,508.1,0.0,3614.0,4714.5
U3_sdpa_uniform_r25,textvqa,sdpa,uniform,0.25,1024,200,200,0,,,,,,0.6335,TextVQA VQA-accuracy,,,,0.57,0.6980125,23.841889500005422,19.86310000006597,39.02345999999852,8.716226831644933,396.4784229999995,395.8156999999929,508.5387200000212,61.58370998771609,1.9721919999904003,1.5580499999714448,3.405179999987237,0.8713597112479535,238.64586899997457,236.13874999989548,271.5504399999986,24.32967066679672,269.3315590000127,174.60459999995237,651.1584750000783,387.53852116029196,660.9383734999699,661.592699999801,813.3981850000566,85.06654074170216,930.2699324999826,819.5270000003347,1416.2033950000412,403.98146650974957,4.315,3.0,8.049999999999983,4.791719721503673,4.217147346562307,3.867882683895025,6.9828457528572745,1.7937741396818256,13.409677153745843,15.146207881542502,17.20830192040337,3.726856630827995,66.02313333333618,3437.36865234375,3442.98193359375,7782.0,7782.0,59.85018016987154,62.44737704484589,69.85977631578947,68.62763749442601,937.195,234.365,0.2500706896643708,273.725,0.0,3602.0,4702.5
E0_eager_r100,textvqa,eager,none,1.0,1024,200,200,0,,,,,,0.7795000000000001,TextVQA VQA-accuracy,,,,0.7255000000000001,0.8340000000000001,23.844034500007254,19.852050000054078,38.105930000010346,8.18414356138669,718.9500914999902,665.5721499999459,1032.3541550000484,179.47890465846783,2.0803505000039024,1.7067999999653694,4.249874999948127,1.1576225495633288,593.8185480000037,613.729899999953,843.7107799998785,184.86403829662976,326.014882500003,180.84284999997635,859.5511750002055,586.4966669651105,1338.693024500005,1344.4678500001146,1736.4748400001986,215.81258839701775,1664.7079070000082,1508.0120999998599,2479.9338200000107,648.0520219658745,4.735,3.0,13.0,5.64571923926821,2.5575444734683823,2.0726380628581302,5.859813218684125,1.5184027357970862,13.321240046889653,15.160114448513582,17.189951213148337,3.721893689516976,65.96260833331749,5215.728515625,5390.982421875,7782.0,7782.0,102.93827312623475,106.07678605595687,67.2372595520422,65.48957179401127,937.195,937.195,1.0,976.555,0.485,5694.0,6794.5
E1_eager_r75,textvqa,eager,visionzip,0.75,1024,200,200,0,,,,,,0.7655,TextVQA VQA-accuracy,,,,0.7114875,0.8205,23.66669050000418,20.091550000074676,37.953035000029445,8.035556409769377,727.7403565000081,670.6567999999606,1053.335404999892,187.124842205322,37.6443524999889,39.47949999985667,51.03211499998963,7.321112156652297,609.6600539999943,615.3524500000458,715.5470150000127,67.00158451027353,327.7174870000048,176.0396999999827,832.8773200003274,581.138664168095,1398.7114534999957,1371.2799500004849,1842.206604999694,247.46493364466878,1726.4289405000006,1564.8403999999232,2433.172454999927,680.6906827511642,4.745,3.0,13.0,5.641730284497396,2.4787821803687926,2.2106982061461222,5.523648111614872,1.4514014457284319,13.249030136445736,15.0122642777821,17.091420771291315,3.743050732772529,66.61220500000127,5215.728515625,5390.982421875,7782.0,7782.0,104.11779764118157,110.23607418920355,67.55160173160172,65.73730101533856,937.195,702.83,0.7499293103356292,742.19,0.0,5670.0,6770.5
E2_eager_r50,textvqa,eager,visionzip,0.5,1024,200,200,0,,,,,,0.7380000000000001,TextVQA VQA-accuracy,,,,0.679,0.7955000000000001,23.61106499999174,19.921449999856122,38.22602000005303,8.057718064103291,723.9365759999902,663.6006000001089,1043.5718099999804,185.86610407548852,37.11098749999309,39.25230000015745,47.28917999998145,6.976614080919608,409.70369499999487,407.4223500000471,497.4587999999868,44.503814397529524,325.2826384999984,180.9590000002146,875.8269249999779,568.7763396999717,1194.3623234999698,1154.609900000196,1626.3799199998855,226.6845152392949,1519.644961999968,1340.4776500002527,2167.231644999826,652.6057398627742,4.73,3.0,13.049999999999983,5.629882582207841,2.8077507068435397,2.4696257233530137,5.994563748016253,1.5541042787494272,13.2055020251162,14.990548597202576,17.273915565861238,3.6967363971820686,66.70869999987872,5215.728515625,5390.982421875,7782.0,7782.0,89.25732092893358,93.58759414542514,65.0519523287671,63.70974511323744,937.195,468.74,0.5001520494667598,508.1,0.0,5662.0,6762.5
E3_eager_r25,textvqa,eager,visionzip,0.25,1024,200,200,0,,,,,,0.6240000000000001,TextVQA VQA-accuracy,,,,0.559,0.6900124999999999,23.901166499990794,19.862550000198098,39.22664499999868,8.463642235666994,717.7334199999875,659.3914000000041,1020.6840149999848,178.82356305798817,36.977707500003234,39.23114999997779,45.53118499993046,6.472359529648807,224.77243599999525,223.61609999995835,255.68494999987473,21.663581767592564,311.7407229999937,181.03549999989355,747.1303099999344,571.4560564992439,1003.3847299999768,952.9332000001318,1338.9467699999982,201.8104658555676,1315.1254529999705,1162.316399999554,1912.6333650001231,642.9436777384774,4.61,3.0,12.0,5.581547127966273,3.177340220712166,2.8179521483119623,6.423075779372895,1.6815537704502033,13.227401680804883,15.196750537755365,16.874280521480483,3.7134611896726897,65.80363333335981,5215.728515625,5390.982421875,7782.0,7782.0,74.63184982231886,78.73495304907486,64.07836363636359,62.17870654982249,937.195,234.365,0.2500706896643708,273.725,0.0,5650.0,6750.5
