layer,in,out,count_per_layer,M,triton_gemm_ms,dequant_cublas_ms
q_proj/o_proj,2048,2048,2,1,0.0870399996638298,0.10035199671983719
q_proj/o_proj,2048,2048,2,16,0.0870399996638298,0.10342399775981903
q_proj/o_proj,2048,2048,2,32,0.08806400001049042,0.09308800101280212
q_proj/o_proj,2048,2048,2,64,0.12489599734544754,0.0939520001411438
q_proj/o_proj,2048,2048,2,128,0.20054399967193604,0.12566399574279785
q_proj/o_proj,2048,2048,2,192,0.2744320034980774,0.13209599256515503
q_proj/o_proj,2048,2048,2,256,0.35097599029541016,0.16281600296497345
q_proj/o_proj,2048,2048,2,384,0.5007359981536865,0.20582400262355804
q_proj/o_proj,2048,2048,2,512,0.6512640118598938,0.25600001215934753
q_proj/o_proj,2048,2048,2,768,0.9472000002861023,0.35123199224472046
q_proj/o_proj,2048,2048,2,1023,1.250048041343689,0.4679040014743805
q_proj/o_proj,2048,2048,2,1024,1.2984319925308228,0.47411200404167175
q_proj/o_proj,2048,2048,2,1536,1.9116480350494385,0.5939199924468994
q_proj/o_proj,2048,2048,2,2048,2.496448040008545,0.839680016040802
k_proj/v_proj,2048,256,2,1,0.062463998794555664,0.0727040022611618
k_proj/v_proj,2048,256,2,16,0.062463998794555664,0.07657600194215775
k_proj/v_proj,2048,256,2,32,0.06233600154519081,0.14950400590896606
k_proj/v_proj,2048,256,2,64,0.12083200365304947,0.07747200131416321
k_proj/v_proj,2048,256,2,128,0.06451199948787689,0.07680000364780426
k_proj/v_proj,2048,256,2,192,0.07680000364780426,0.14870400726795197
k_proj/v_proj,2048,256,2,256,0.08294399827718735,0.07884799689054489
k_proj/v_proj,2048,256,2,384,0.09523200243711472,0.07161600142717361
k_proj/v_proj,2048,256,2,512,0.158720001578331,0.08396799862384796
k_proj/v_proj,2048,256,2,768,0.14745600521564484,0.08601599931716919
k_proj/v_proj,2048,256,2,1023,0.17203199863433838,0.15052799880504608
k_proj/v_proj,2048,256,2,1024,0.2170879989862442,0.14950400590896606
k_proj/v_proj,2048,256,2,1536,0.23654399812221527,0.11139199882745743
k_proj/v_proj,2048,256,2,2048,0.2949120104312897,0.1607999950647354
gate/up_proj,2048,11008,2,1,0.19855999946594238,0.43110400438308716
gate/up_proj,2048,11008,2,16,0.2027519941329956,0.44016000628471375
gate/up_proj,2048,11008,2,32,0.21503999829292297,0.4187520146369934
gate/up_proj,2048,11008,2,64,0.4249599874019623,0.42179200053215027
gate/up_proj,2048,11008,2,128,0.6912000179290771,0.4697920083999634
gate/up_proj,2048,11008,2,192,1.060863971710205,0.8284159898757935
gate/up_proj,2048,11008,2,256,1.3905279636383057,0.6656000018119812
gate/up_proj,2048,11008,2,384,1.9845119714736938,0.857088029384613
gate/up_proj,2048,11008,2,512,2.6163198947906494,1.0762239694595337
gate/up_proj,2048,11008,2,768,3.95468807220459,1.4662400484085083
gate/up_proj,2048,11008,2,1023,5.36575984954834,1.8688000440597534
gate/up_proj,2048,11008,2,1024,5.3585920333862305,1.8718719482421875
gate/up_proj,2048,11008,2,1536,8.335359573364258,2.653183937072754
gate/up_proj,2048,11008,2,2048,11.015168190002441,3.4508800506591797
down_proj,11008,2048,1,1,0.23347200453281403,0.4463360011577606
down_proj,11008,2048,1,16,0.2181120067834854,0.4270080029964447
down_proj,11008,2048,1,32,0.1884160041809082,0.4280320107936859
down_proj,11008,2048,1,64,0.32256001234054565,0.4331519901752472
down_proj,11008,2048,1,128,0.5897600054740906,0.4188160002231598
down_proj,11008,2048,1,192,0.8652799725532532,0.5201280117034912
down_proj,11008,2048,1,256,1.136639952659607,0.6246399879455566
down_proj,11008,2048,1,384,1.6678719520568848,1.0168319940567017
down_proj,11008,2048,1,512,2.2323200702667236,1.06496000289917
down_proj,11008,2048,1,768,3.3116159439086914,1.4007359743118286
down_proj,11008,2048,1,1023,4.380671977996826,1.833888053894043
down_proj,11008,2048,1,1024,4.381472110748291,1.8513920307159424
down_proj,11008,2048,1,1536,6.5669121742248535,3.392512083053589
down_proj,11008,2048,1,2048,8.741727828979492,3.338239908218384
