dataset,factor_B,baseline,retention,n,metric,R_A,R_B,R_AB,R_A*R_B,I,I_ci_low,I_ci_high,verdict,R_additive
pope,SDPA (vs eager),E0_eager_r100,0.75,500,E2E latency,0.90365067401035,0.8736451816677474,0.7775186005564007,0.7894700572599547,-0.01195145670355402,-0.022238885890404396,0.009400263366252526,approximately independent,0.7772958556780973
pope,SDPA (vs eager),E0_eager_r100,0.75,500,TTFT,0.8897942942456919,0.8615626337212912,0.7510584258572373,0.7666135156204958,-0.01555508976325859,-0.02651982051287152,-0.001027463330581019,approximately independent,0.7513569279669832
pope,SDPA (vs eager),E0_eager_r100,0.75,500,prefill,0.7981509869512615,1.029372314303322,0.818567781283335,0.8215945286015006,-0.003026747318165657,-0.017226223168237575,0.0044781208590555475,approximately independent,0.8275233012545835
pope,SDPA (vs eager),E0_eager_r100,0.75,500,vision,1.0000748295317836,0.5888354334288023,0.5902779552159706,0.5888794957085833,0.0013984595073872619,-0.02474550459382379,0.012588563607364737,approximately independent,0.588910262960586
pope,SDPA (vs eager),E0_eager_r100,0.75,500,peak alloc,1.0,0.9438200953363861,0.9435663477734518,0.9438200953363861,-0.00025374756293428113,-0.0002540250695413082,-0.00025374756293428113,approximately independent,0.943820095336386
pope,SDPA (vs eager),E0_eager_r100,0.5,500,E2E latency,0.7824400996830368,0.8736451816677474,0.6561124131855649,0.6835750230317171,-0.02746260984615223,-0.04569151031671958,-0.01749399161219546,approximately independent,0.6560852813507843
pope,SDPA (vs eager),E0_eager_r100,0.5,500,TTFT,0.7559533728997746,0.8615626337212912,0.6030388884587743,0.6513011789260231,-0.048262290467248836,-0.05803308703441494,-0.03274104667964257,synergy (super-multiplicative gain),0.6175160066210656
pope,SDPA (vs eager),E0_eager_r100,0.5,500,prefill,0.5603632091973867,1.029372314303322,0.5746854284734033,0.5768223735019505,-0.0021369450285472213,-0.010835300550549654,0.005399245536323361,approximately independent,0.5897355235007087
pope,SDPA (vs eager),E0_eager_r100,0.5,500,vision,1.0139488640541858,0.5888354334288023,0.5849634612886597,0.5970490188399883,-0.012085557551328563,-0.025585912557394515,0.014025320897731505,approximately independent,0.6027842974829882
pope,SDPA (vs eager),E0_eager_r100,0.5,500,peak alloc,1.0,0.9438200953363861,0.9435663477734518,0.9438200953363861,-0.00025374756293428113,-0.0002540250695413082,-0.00025374756293428113,approximately independent,0.943820095336386
pope,SDPA (vs eager),E0_eager_r100,0.25,500,E2E latency,0.6617656469818735,0.8736451816677474,0.5480252317750607,0.5781483688789533,-0.030123137103892583,-0.055202085227792866,-0.01975850826734344,approximately independent,0.5354108286496209
pope,SDPA (vs eager),E0_eager_r100,0.25,500,TTFT,0.6357798721796433,0.8615626337212912,0.4974970555387073,0.5477641811420793,-0.05026712560337193,-0.07878193494587686,-0.03386588052146902,synergy (super-multiplicative gain),0.49734250590093443
pope,SDPA (vs eager),E0_eager_r100,0.25,500,prefill,0.3631297469422347,1.029372314303322,0.37707366343286486,0.3737957080023078,0.0032779554305570335,-0.007981905709134365,0.013129455283857191,approximately independent,0.39250206124555675
pope,SDPA (vs eager),E0_eager_r100,0.25,500,vision,1.003790526581848,0.5888354334288023,0.5862316850141165,0.5910674297915482,-0.004835744777431761,-0.02301025400683712,0.019115969748370355,approximately independent,0.5926259600106505
pope,SDPA (vs eager),E0_eager_r100,0.25,500,peak alloc,1.0,0.9438200953363861,0.9435663477734518,0.9438200953363861,-0.00025374756293428113,-0.0002540250695413082,-0.00025374756293428113,approximately independent,0.943820095336386
pope,tuned AWQ dispatch (vs upstream),C0_sdpa_r100,0.75,500,E2E latency,0.8899706847488752,0.7001682304152846,0.6745829920996997,0.6231291994620991,0.05145379263760064,0.034015172296516266,0.07234936954997319,interference (sub-multiplicative gain),0.5901389151641598
pope,tuned AWQ dispatch (vs upstream),C0_sdpa_r100,0.75,500,TTFT,0.871739785897213,0.6441569383003766,0.6372069380275972,0.5615372314781745,0.07566970654942273,0.05823148319907069,0.08313113901575543,interference (sub-multiplicative gain),0.5158967241975896
pope,tuned AWQ dispatch (vs upstream),C0_sdpa_r100,0.75,500,prefill,0.7952106054429303,0.5023898169182079,0.4347248022989735,0.39950571047989103,0.03521909181908245,0.03177232115046672,0.055502777694476674,interference (sub-multiplicative gain),0.29760042236113815
pope,tuned AWQ dispatch (vs upstream),C0_sdpa_r100,0.75,500,vision,1.0024497876745773,1.0007690698319143,1.0001770604048612,1.0032207415642866,-0.0030436811594254376,-0.0297285080799979,0.0496250387889537,approximately independent,1.0032188575064915
pope,tuned AWQ dispatch (vs upstream),C0_sdpa_r100,0.75,500,peak alloc,0.9997311483786072,1.0073638003418781,1.0046216313986942,1.007092968950824,-0.002471337552129693,-0.002471337552129693,-0.0024709009337777754,approximately independent,1.0070949487204852
pope,tuned AWQ dispatch (vs upstream),C0_sdpa_r100,0.5,500,E2E latency,0.7510055877983294,0.7001682304152846,0.6130369223345394,0.525830253440747,0.08720666889379247,0.07008967003404619,0.11197533392622523,interference (sub-multiplicative gain),0.451173818213614
pope,tuned AWQ dispatch (vs upstream),C0_sdpa_r100,0.5,500,TTFT,0.6999362145664417,0.6441569383003766,0.5664832563247517,0.4508687689806745,0.1156144873440772,0.09034247158929953,0.12318876091877148,interference (sub-multiplicative gain),0.3440931528668183
pope,tuned AWQ dispatch (vs upstream),C0_sdpa_r100,0.5,500,prefill,0.5582872401832079,0.5023898169182079,0.3196911434129097,0.2804778243834134,0.03921331902949632,0.03443985197286413,0.10795050046120559,interference (sub-multiplicative gain),0.06067705710141569
pope,tuned AWQ dispatch (vs upstream),C0_sdpa_r100,0.5,500,vision,0.9934243560758631,1.0007690698319143,0.9937788643363048,0.9941883687784099,-0.00040950444210507975,-0.036084644961470146,0.04827582450420016,approximately independent,0.9941934259077774
pope,tuned AWQ dispatch (vs upstream),C0_sdpa_r100,0.5,500,peak alloc,0.9997311483786072,1.0073638003418781,1.0021342026741402,1.007092968950824,-0.004958766276683679,-0.004958766276683679,-0.004949951012941156,approximately independent,1.0070949487204852
pope,tuned AWQ dispatch (vs upstream),C0_sdpa_r100,0.25,500,E2E latency,0.6272858172569629,0.7001682304152846,0.564468815921922,0.4392056006334133,0.1252632152885087,0.11113289158569145,0.1359389153207826,interference (sub-multiplicative gain),0.3274540476722474
pope,tuned AWQ dispatch (vs upstream),C0_sdpa_r100,0.25,500,TTFT,0.5774357383512569,0.6441569383003766,0.5039112664050548,0.371959237281563,0.1319520291234918,0.1210815053436589,0.14813911205846397,interference (sub-multiplicative gain),0.22159267665163362
pope,tuned AWQ dispatch (vs upstream),C0_sdpa_r100,0.25,500,prefill,0.36631416854072657,0.5023898169182079,0.25900816127186593,0.1840325080677212,0.07497565320414473,0.07300109085707096,0.09392187582656364,interference (sub-multiplicative gain),-0.13129601454106554
pope,tuned AWQ dispatch (vs upstream),C0_sdpa_r100,0.25,500,vision,0.9955781390404377,1.0007690698319143,1.0112613520085632,0.996343808152487,0.014917543856076132,-0.022902446047388843,0.05616578162207083,approximately independent,0.996347208872352
pope,tuned AWQ dispatch (vs upstream),C0_sdpa_r100,0.25,500,peak alloc,0.9997311483786072,1.0073638003418781,0.9997311483786072,1.007092968950824,-0.007361820572216682,-0.007361820572216682,-0.007337570961702178,approximately independent,1.0070949487204852
textvqa,SDPA (vs eager),E0_eager_r100,0.75,500,E2E latency,1.0088725920034103,0.8481466501799027,0.8573584364576236,0.8556719093660081,0.0016865270916154307,-0.012581280484975834,0.029115127384576178,approximately independent,0.8570192421833129
textvqa,SDPA (vs eager),E0_eager_r100,0.75,500,TTFT,1.0239744362839889,0.7288535962644253,0.8517800261840167,0.7463274503684229,0.10545257581559386,0.028710667593418084,0.1292736122056116,interference (sub-multiplicative gain),0.7528280325484142
textvqa,SDPA (vs eager),E0_eager_r100,0.75,500,prefill,1.2517825748446674,1.0631500068569013,1.3470675965600984,1.3308326530294576,0.01623494353064081,-0.020200623199496996,0.04253014384610483,approximately independent,1.3149325817015685
textvqa,SDPA (vs eager),E0_eager_r100,0.75,500,vision,1.0015123054280293,0.6037902737711468,0.6027581417528084,0.6047033890795622,-0.0019452473267538295,-0.006197215066569453,0.002844765514012812,approximately independent,0.6053025791991762
textvqa,SDPA (vs eager),E0_eager_r100,0.75,500,peak alloc,1.0,0.6723409380356067,0.6606356674317054,0.6723409380356067,-0.011705270603901252,-0.012186486881499481,-0.011588612099113438,approximately independent,0.6723409380356067
textvqa,SDPA (vs eager),E0_eager_r100,0.5,500,E2E latency,0.8669204862071718,0.8481466501799027,0.7030806598813132,0.7352757063489452,-0.03219504646763205,-0.04823772666717506,-0.011142329818466223,approximately independent,0.7150671363870744
textvqa,SDPA (vs eager),E0_eager_r100,0.5,500,TTFT,0.8587562268883421,0.7288535962644253,0.6782076081806824,0.6259075642820369,0.05230004389864551,-0.002158239614061888,0.06906723972215079,approximately independent,0.5876098231527673
textvqa,SDPA (vs eager),E0_eager_r100,0.5,500,prefill,0.8306281328214529,1.0631500068569013,0.8857304882437252,0.8830823051046628,0.0026481831390624544,-0.020574141295891028,0.019798334996827524,approximately independent,0.8937781396783542
textvqa,SDPA (vs eager),E0_eager_r100,0.5,500,vision,0.9903144260499507,0.6037902737711468,0.6024036497763242,0.5979422184242158,0.004461431352108414,-0.0008635934013321328,0.008219423935770817,approximately independent,0.5941046998210975
textvqa,SDPA (vs eager),E0_eager_r100,0.5,500,peak alloc,1.0,0.6723409380356067,0.6606356674317054,0.6723409380356067,-0.011705270603901252,-0.012186486881499481,-0.011588612099113438,approximately independent,0.6723409380356067
textvqa,SDPA (vs eager),E0_eager_r100,0.25,500,E2E latency,0.7427761990453684,0.8481466501799027,0.5664318577643089,0.6299831450536898,-0.06355128728938086,-0.07777123450927077,-0.0464533962272546,synergy (super-multiplicative gain),0.5909228492252709
textvqa,SDPA (vs eager),E0_eager_r100,0.25,500,TTFT,0.7181517522780624,0.7288535962644253,0.5227318190945354,0.5234274873114644,-0.0006956682169290129,-0.0448914844712024,0.01399252983328895,approximately independent,0.44700534854248763
textvqa,SDPA (vs eager),E0_eager_r100,0.25,500,prefill,0.4540984990361792,1.0631500068569013,0.4815335205312013,0.4827748223640225,-0.0012413018328212289,-0.014663737634581142,0.006946142241070972,approximately independent,0.5172485058930805
textvqa,SDPA (vs eager),E0_eager_r100,0.25,500,vision,0.9948327653329555,0.6037902737711468,0.6020055821214769,0.6006703477368922,0.0013352343845847159,-0.0047687660948525475,0.0066646745926785995,approximately independent,0.5986230391041023
textvqa,SDPA (vs eager),E0_eager_r100,0.25,500,peak alloc,1.0,0.6723409380356067,0.6606356674317054,0.6723409380356067,-0.011705270603901252,-0.012186486881499481,-0.011588612099113438,approximately independent,0.6723409380356067
textvqa,tuned AWQ dispatch (vs upstream),C0_sdpa_r100,0.75,500,E2E latency,1.0108610772391389,0.7836670504885377,0.7219850145124077,0.7921785188536619,-0.07019350434125415,-0.10924263112356876,-0.049746339099266255,synergy (super-multiplicative gain),0.7945281277276766
textvqa,tuned AWQ dispatch (vs upstream),C0_sdpa_r100,0.75,500,TTFT,1.1686572317810096,0.8811761811279688,0.799379986773357,1.0297929165483735,-0.23041292977501648,-0.2773176272876082,-0.10772835608905562,synergy (super-multiplicative gain),1.0498334129089786
textvqa,tuned AWQ dispatch (vs upstream),C0_sdpa_r100,0.75,500,prefill,1.2670531795814701,0.7769457549619267,0.6074032504558415,0.984431589186835,-0.3770283387309935,-0.7347252344494588,-0.1041724089837668,synergy (super-multiplicative gain),1.0439989345433967
textvqa,tuned AWQ dispatch (vs upstream),C0_sdpa_r100,0.75,500,vision,0.9982905785946303,0.9967667739424952,0.9977329686497655,0.9950628794829567,0.0026700891668087756,-0.0041816708678523665,0.005448764777892782,approximately independent,0.9950573525371256
textvqa,tuned AWQ dispatch (vs upstream),C0_sdpa_r100,0.75,500,peak alloc,0.9825902753473545,1.0,0.9825902753473545,0.9825902753473545,0.0,0.0,0.0,approximately independent,0.9825902753473545
textvqa,tuned AWQ dispatch (vs upstream),C0_sdpa_r100,0.5,500,E2E latency,0.8289611940720167,0.7836670504885377,0.633659416632612,0.6496295739278737,-0.015970157295261633,-0.04520419785225212,0.0006481036591792915,approximately independent,0.6126282445605544
textvqa,tuned AWQ dispatch (vs upstream),C0_sdpa_r100,0.5,500,TTFT,0.9305128103321196,0.8811761811279688,0.6841265852939635,0.8199457246991111,-0.13581913940514756,-0.17089604888371454,-0.04159878244955593,synergy (super-multiplicative gain),0.8116889914600884
textvqa,tuned AWQ dispatch (vs upstream),C0_sdpa_r100,0.5,500,prefill,0.833119016630871,0.7769457549619267,0.38973658870958006,0.64728828334941,-0.25755169463982996,-0.4909786378964333,-0.05471633803313551,synergy (super-multiplicative gain),0.6100647715927976
textvqa,tuned AWQ dispatch (vs upstream),C0_sdpa_r100,0.5,500,vision,0.9977034674868773,0.9967667739424952,0.9999036464182877,0.9944776666381359,0.005425979780151802,-0.0019499310608000254,0.007946740306153879,approximately independent,0.9944702414293727
textvqa,tuned AWQ dispatch (vs upstream),C0_sdpa_r100,0.5,500,peak alloc,0.9825902753473545,1.0,0.9825902753473545,0.9825902753473545,0.0,0.0,0.0,approximately independent,0.9825902753473545
textvqa,tuned AWQ dispatch (vs upstream),C0_sdpa_r100,0.25,500,E2E latency,0.6678466013444273,0.7836670504885377,0.5858694319140872,0.5233693762543816,0.06250005565970562,0.04361235794309728,0.07541957514871982,interference (sub-multiplicative gain),0.451513651832965
textvqa,tuned AWQ dispatch (vs upstream),C0_sdpa_r100,0.25,500,TTFT,0.717197283204308,0.8811761811279688,0.628674083771636,0.6319771631293264,-0.003303079357690364,-0.027456353664231364,0.061185643324957156,approximately independent,0.5983734643322767
textvqa,tuned AWQ dispatch (vs upstream),C0_sdpa_r100,0.25,500,prefill,0.4529309292437555,0.7769457549619267,0.2863973482806614,0.35190276276689664,-0.06550541448623526,-0.17813831070574884,0.024597167390405926,approximately independent,0.2298766842056823
textvqa,tuned AWQ dispatch (vs upstream),C0_sdpa_r100,0.25,500,vision,0.997044186156688,0.9967667739424952,0.9990952132905336,0.9938205169135226,0.005274696377011057,-0.0036421305919550977,0.00797366768383032,approximately independent,0.9938109600991831
textvqa,tuned AWQ dispatch (vs upstream),C0_sdpa_r100,0.25,500,peak alloc,0.9825902753473545,1.0,0.9825902753473545,0.9825902753473545,0.0,0.0,0.0,approximately independent,0.9825902753473545
