config_name,dataset,k,peak_allocated_mb,peak_reserved_mb,context_overhead_mb,device_footprint_mb
C0_sdpa_r100,textvqa,10,3525.61669921875,3786.0,1100.5,4886.5
C1_sdpa_r75,textvqa,10,3455.328125,3752.0,1100.5,4852.5
C2_sdpa_r50,textvqa,10,3455.328125,3742.0,1100.5,4842.5
C3_sdpa_r25,textvqa,10,3455.328125,3730.0,1100.5,4830.5
E0_eager_r100,textvqa,10,5390.982421875,5694.0,1100.5,6794.5
E1_eager_r75,textvqa,10,5390.982421875,5670.0,1100.5,6770.5
E2_eager_r50,textvqa,10,5390.982421875,5662.0,1100.5,6762.5
E3_eager_r25,textvqa,10,5390.982421875,5650.0,1100.5,6750.5
T0_sdpa_awq64_r100,textvqa,10,3525.61669921875,3786.0,1100.5,4886.5
T1_sdpa_awq64_r75,textvqa,10,3455.328125,3750.0,1100.5,4850.5
T2_sdpa_awq64_r50,textvqa,10,3455.328125,3740.0,1100.5,4840.5
T3_sdpa_awq64_r25,textvqa,10,3455.328125,3732.0,1100.5,4832.5
U2_sdpa_uniform_r50,textvqa,10,3442.98193359375,3614.0,1100.5,4714.5
U3_sdpa_uniform_r25,textvqa,10,3442.98193359375,3602.0,1100.5,4702.5
C0_sdpa_r100,pope,10,3350.1572265625,3500.0,1100.5,4600.5
C1_sdpa_r75,pope,10,3347.3896484375,3512.0,1100.5,4612.5
C2_sdpa_r50,pope,10,3347.3896484375,3512.0,1100.5,4612.5
C3_sdpa_r25,pope,10,3347.3896484375,3506.0,1100.5,4606.5
E0_eager_r100,pope,10,3757.10888671875,3962.0,1100.5,5062.5
E1_eager_r75,pope,10,3757.10888671875,3956.0,1100.5,5056.5
E2_eager_r50,pope,10,3757.10888671875,3956.0,1100.5,5056.5
E3_eager_r25,pope,10,3757.10888671875,3952.0,1100.5,5052.5
T0_sdpa_awq64_r100,pope,10,3359.79638671875,3544.0,1100.5,4644.5
T1_sdpa_awq64_r75,pope,10,3352.3037109375,3556.0,1100.5,4656.5
T2_sdpa_awq64_r50,pope,10,3347.3896484375,3556.0,1100.5,4656.5
T3_sdpa_awq64_r25,pope,10,3347.3896484375,3550.0,1100.5,4650.5
U2_sdpa_uniform_r50,pope,10,3347.3896484375,3494.0,1100.5,4594.5
U3_sdpa_uniform_r25,pope,10,3347.3896484375,3488.0,1100.5,4588.5
