dataset,config_name,quality,latency_p50_ms,ttft_p50_ms,peak_alloc_mb,energy_j,front_q_lat_mem,front_q_lat,front_q_mem,front_q_energy,strict_front_q_lat_mem
pope,C0_sdpa_r100,0.848,529.6902000000046,459.3524999991132,3321.78173828125,39.41484375822708,False,False,True,False,False
pope,C1_sdpa_r75,0.85,471.4087499987727,400.43585000057647,3320.888671875,32.47693915345232,False,False,True,False,False
pope,C2_sdpa_r50,0.85,397.80030000201805,321.51745000101073,3320.888671875,27.701817410692044,False,False,True,False,False
pope,U2_sdpa_uniform_r50,0.852,392.01554999999644,315.0238999996873,3320.7275390625,29.194641612644872,False,False,True,False,True
pope,T0_sdpa_awq64_r100,0.848,370.8722500023214,295.8951000000525,3346.24267578125,25.947786605007103,False,False,True,False,False
pope,T1_sdpa_awq64_r75,0.85,357.32000000189146,292.7025999997568,3337.1337890625,26.187633449092246,False,False,True,False,False
pope,T2_sdpa_awq64_r50,0.85,324.71964999876946,260.21550000041316,3328.87109375,23.772654032295133,True,True,True,True,True
pope,T3_sdpa_awq64_r25,0.834,298.99359999944863,231.47290000088105,3320.888671875,20.57170832514339,True,True,False,True,True
textvqa,C1_sdpa_r75,0.7724,1258.634549999897,1118.588449999777,3445.6962890625,96.19946538560785,False,False,True,False,True
textvqa,T1_sdpa_awq64_r75,0.7717999999999999,898.951699999543,765.1321499999995,3445.6962890625,67.60143332483467,True,True,True,True,True
textvqa,T2_sdpa_awq64_r50,0.7504,788.9765000002171,654.8165500001915,3445.6962890625,58.561204896916145,True,True,False,True,True
textvqa,T3_sdpa_awq64_r25,0.6462,729.472650000389,601.7398000005869,3445.6962890625,54.21709578015721,True,True,False,True,True
