config_name,dataset,n_paired,quality_retention_pct,quality_delta,quality_delta_ci_low,quality_delta_ci_high,latency_reduction_pct,latency_reduction_ci_low,latency_reduction_ci_high,ttft_reduction_pct,ttft_reduction_ci_low,ttft_reduction_ci_high,prefill_reduction_pct,prefill_reduction_ci_low,prefill_reduction_ci_high,vision_reduction_pct,vision_reduction_ci_low,vision_reduction_ci_high,vram_reduction_pct,vram_reduction_ci_low,vram_reduction_ci_high
C0_sdpa_r100,pope,200,100.0,0.0,0.0,0.0,0.0,0.0,0.0,0.0,0.0,0.0,0.0,0.0,0.0,0.0,0.0,0.0,0.0,0.0,0.0
C1_sdpa_r75,pope,200,101.72413793103448,0.015000000000000013,0.0,0.03500000000000003,12.074393380584924,10.243217984788423,13.340281332583048,14.112766012490862,10.564137561577025,15.47521431779828,21.63173377806241,19.808611328588256,23.717816607024357,-0.9963155292696424,-2.1720670545616327,0.43092975113147025,0.026885162139278496,0.026885162139278496,0.026914560895041628
C2_sdpa_r50,pope,200,101.14942528735632,0.010000000000000009,-0.010000000000000009,0.030000000000000027,23.681453664866837,21.467329030725914,25.910830979355815,29.14888184198514,26.001628906695874,30.380763362568743,45.08827256102742,43.72101982470855,46.59741949760342,-0.6962457430565783,-2.0262136683126597,1.0550327760114553,0.026885162139278496,0.026885162139278496,0.026914560895041628
C3_sdpa_r25,pope,200,99.42528735632185,-0.0050000000000000044,-0.040000000000000036,0.030000000000000027,32.26850986770734,30.130598358113183,36.49550138770837,41.58755860575892,38.547980157663865,42.85419687077325,62.58198860317785,61.60586848839624,63.721771112147096,0.20630012566346112,-1.3071965516602946,1.8397115103236161,0.026885162139278496,0.026885162139278496,0.026914560895041628
U2_sdpa_uniform_r50,pope,200,102.29885057471265,0.020000000000000018,0.0,0.04500000000000004,24.93731664066988,23.004120649516413,26.740971424704995,30.890616245122594,27.91477732362798,31.88470697525959,44.32310401236072,42.69144679007084,46.1689454609143,-0.5332054208468051,-1.5296846398041852,0.8996941069394526,0.03173595683909625,0.03173595683909625,0.03175065621697781
U3_sdpa_uniform_r25,pope,200,101.72413793103448,0.015000000000000013,-0.025000000000000022,0.05500000000000005,34.09271230064799,31.59503820502629,37.584734132098596,42.80064225147465,39.926371301303355,43.9165669351105,62.629624013947684,61.55481160720721,63.75043570112153,0.6229205486826817,-1.0687355917136099,2.1730128357447476,0.03173595683909625,0.03173595683909625,0.03175065621697781
E0_eager_r100,pope,200,100.0,0.0,0.0,0.0,-15.35765121035535,-21.430055352287503,-14.027298494694174,-20.485098590777252,-26.371439390805286,-17.830895702373194,5.905419480406293,3.9908709457168734,8.083867238728681,-78.86715666932712,-93.62689272852731,-70.33230750730213,-5.952395476766248,-5.952395476766248,-5.952380777388355
E1_eager_r75,pope,200,101.14942528735632,0.010000000000000009,-0.010000000000000009,0.030000000000000027,-5.861598035966886,-12.187709397736924,-3.0257195906777667,-6.417845357390295,-11.928793964639638,-4.239631526004639,23.510223860553324,21.947930790619807,25.71881003904064,-74.84382317693384,-92.79173931583489,-69.00886441187863,-5.952395476766248,-5.952395476766248,-5.952380777388355
E2_eager_r50,pope,200,100.57471264367817,0.0050000000000000044,-0.015000000000000013,0.025000000000000022,5.305529172587642,-1.778386017559197,8.632002610336453,7.259630476864576,2.053056535619968,9.525793456199105,46.40117214190395,45.083875510762475,47.612429241983065,-76.54590229328404,-94.9807398732394,-71.22651199396235,-5.952395476766248,-5.952395476766248,-5.952380777388355
E3_eager_r25,pope,200,99.42528735632185,-0.0050000000000000044,-0.040000000000000036,0.030000000000000027,12.094560209093652,5.661299082878246,16.37458483611821,19.625307641482912,12.595807134414072,22.63343200101714,64.31557621550152,63.455495490225786,65.45699507939925,-76.02338297165787,-94.05387655981548,-71.16541082874843,-5.952395476766248,-5.952395476766248,-5.952380777388355
C0_sdpa_r100,textvqa,200,100.0,0.0,0.0,0.0,0.0,0.0,0.0,0.0,0.0,0.0,0.0,0.0,0.0,0.0,0.0,0.0,0.0,0.0,0.0
C1_sdpa_r75,textvqa,200,99.23027581783192,-0.006000000000000116,-0.03100000000000003,0.015500000000000073,0.3355499654486005,-5.4908091264770365,3.6533493414201312,-9.629775743015333,-19.807694409229114,-0.20068330857874184,-5.657168420796044,-47.83650884656456,15.434376508198678,0.09700688012211911,-0.6439950548187579,0.49131078102478964,1.7358493929003904,1.6662745685437685,1.8356722083605725
C2_sdpa_r50,textvqa,200,94.67607440667095,-0.04149999999999998,-0.0734999999999999,-0.01200000000000001,17.468059374299628,13.02132629788847,21.10188776981935,12.608649272065175,5.197827085808671,19.430943569076874,30.175470597871957,2.4526005457463085,43.67654669219628,-0.02058064577339369,-0.7676332028894617,0.37685416119959125,1.7358493929003904,1.6662745685437685,1.8356722083605725
C3_sdpa_r25,textvqa,200,79.4098781270045,-0.16049999999999998,-0.21300000000000008,-0.11299999999999999,32.058862467659246,28.621520869903883,35.991878991431804,32.542055954588214,26.575651476722406,38.10356172187145,62.12631632601931,47.341096424894324,69.26096528814993,-0.27567001822972337,-0.9680275661378523,0.4049994419470404,1.7358493929003904,1.6662745685437685,1.8356722083605725
U2_sdpa_uniform_r50,textvqa,200,96.47209749839638,-0.02750000000000019,-0.06301249999999994,0.006000000000000008,20.77910114612782,15.414537146050245,23.448044633861965,16.55770221340894,9.076058183089664,23.321192628017805,30.582658493684,3.141658002543657,43.732523183492624,0.33772625984512805,-0.3119712721463497,0.770772218864979,1.9732808499018484,1.7143071724251335,2.068007043661624
U3_sdpa_uniform_r25,textvqa,200,81.27004490057728,-0.14600000000000013,-0.20851250000000013,-0.08550000000000002,36.77321488389489,32.91679508098395,39.52027658521885,36.04451760566308,30.33484635648176,41.12472382384513,62.14976647627286,47.37467670808672,69.34022770757151,0.4747377916381801,-0.383406847896528,0.9067518602301594,1.9732808499018484,1.7143071724251335,2.068007043661624
E0_eager_r100,textvqa,200,100.0,0.0,0.0,0.0,-16.343643344439673,-20.708802125358506,-13.494500128033193,-29.96831722970976,-40.00621098169852,-20.60106411293745,1.626395348064602,-3.4658965236411987,8.585550719590962,-67.35375263621157,-70.46015449835184,-64.98176997237451,-48.7419029133568,-50.63177979105233,-43.64172811598077
E1_eager_r75,textvqa,200,98.20397690827453,-0.014000000000000123,-0.038000000000000034,0.008499999999999952,-20.727965901983335,-27.863990139016927,-14.803458265992099,-32.560215220013156,-44.04205538291164,-21.6556305117674,1.3663198779968466,-38.32205792972403,21.585624949459216,-68.63225453618477,-72.69250641547352,-66.22613567432482,-48.7419029133568,-50.63177979105233,-43.64172811598077
E2_eager_r50,textvqa,200,94.67607440667095,-0.04149999999999998,-0.0734999999999999,-0.01200000000000001,-3.418303886843166,-10.313493212986359,1.7832709202567854,-11.614945466919234,-20.838374229590826,-2.1458582631426193,34.695042256748195,8.435094221008876,47.119721019188276,-66.8580193171677,-70.06254521828372,-64.88910227757268,-48.7419029133568,-50.63177979105233,-43.64172811598077
E3_eager_r25,textvqa,200,80.05131494547788,-0.15549999999999997,-0.20702499999999996,-0.10850000000000004,10.326896783551165,4.787920031904358,16.95930819159376,7.880932640874205,-0.26295461220662286,15.32542913712419,64.15699835513108,50.218655780534775,70.84744922226993,-65.79964357891912,-68.63363861648838,-64.03668802783396,-48.7419029133568,-50.63177979105233,-43.64172811598077
