dataset,config_name,repeats,ratio_vs_C0_by_repeat,ratio_spread_pp,per_query_cv_pct_p50,e2e_p50_by_repeat,e2e_p50_spread_pct,ttft_p50_spread_pct,answers_identical_across_repeats
pope,C0_sdpa_r100,3,1.000 / 1.000 / 1.000,0.0,8.719559723127944,598 / 581 / 514,14.78856285238835,6.9049004592319,1.0
pope,C2_sdpa_r50,3,0.807 / 0.800 / 0.755,5.230226854973519,11.840854683655428,482 / 465 / 388,21.173463303969324,14.790351372333662,1.0
pope,C3_sdpa_r25,3,0.725 / 0.728 / 0.604,12.393976623377744,16.396997585935598,434 / 423 / 311,31.63862285139244,25.15950376134756,1.0
pope,E0_eager_r100,3,1.237 / 1.250 / 1.132,11.843076148892928,13.717299040199759,739 / 727 / 582,23.03580217841203,18.1593294416919,1.0
pope,T0_sdpa_awq64_r100,3,0.732 / 0.751 / 0.676,7.4801502901133965,12.999637489257049,438 / 437 / 348,22.058678062258778,13.800494585127154,1.0
pope,T2_sdpa_awq64_r50,3,0.739 / 0.742 / 0.623,11.848398144206406,18.057747908844835,442 / 431 / 321,30.468099514740054,18.675921169151604,1.0
textvqa,C0_sdpa_r100,3,1.000 / 1.000 / 1.000,0.0,9.231606829102276,1392 / 1232 / 1311,12.218180897707017,3.1847134963603674,1.0
textvqa,C2_sdpa_r50,3,0.847 / 0.833 / 0.818,2.9469715110232997,9.369470669834353,1180 / 1026 / 1072,14.021677157124612,3.0060485409570776,1.0
textvqa,C3_sdpa_r25,3,0.670 / 0.650 / 0.658,2.0646289936966156,11.572333378941451,933 / 800 / 862,15.35402046687705,6.360642568338751,1.0
textvqa,E0_eager_r100,3,1.247 / 1.167 / 1.181,8.010771359357305,16.35116876584285,1736 / 1438 / 1548,18.96674607447465,11.538025751741039,1.0
textvqa,T0_sdpa_awq64_r100,3,0.841 / 0.794 / 0.772,6.853502221799657,10.723656332772563,1170 / 978 / 1012,18.270684538945343,5.507015776713975,1.0
textvqa,T2_sdpa_awq64_r50,3,0.703 / 0.637 / 0.631,7.22707109891334,14.396085719722812,979 / 785 / 827,22.412113217916307,10.556478854088544,1.0
