config_name,n_clean,quality_clean,ci_low,ci_high,retention_vs_C0_pct,delta_pp,delta_ci_low_pp,delta_ci_high_pp,quality_as_reported_n500
C0_sdpa_r100,484,0.800206611570248,0.7671487603305785,0.8324380165289256,99.99999999999999,0.0,0.0,0.0,0.7746000000000001
C1_sdpa_r75,484,0.7979338842975207,0.7656973140495869,0.8318181818181819,99.715982442551,-0.2272727272727315,-1.5914256198347072,1.0542355371900813,0.7724
C2_sdpa_r50,484,0.7764462809917354,0.7423502066115703,0.8107489669421487,97.03072553576038,-2.3760330578512567,-4.236053719008259,-0.5371900826446341,0.7515999999999999
C3_sdpa_r25,484,0.6669421487603306,0.6280940082644628,0.7070299586776859,83.34624322230829,-13.326446280991732,-16.44679752066117,-10.309917355371901,0.6456000000000001
E0_eager_r100,484,0.7995867768595041,0.7661157024793389,0.8320247933884297,99.92254066615025,-0.061983471074389396,-0.18595041322314598,0.0,0.774
E1_eager_r75,484,0.7973140495867768,0.7654907024793388,0.8318233471074381,99.63852310870124,-0.2892561983471209,-1.8393595041322424,1.1570247933884281,0.7717999999999999
E2_eager_r50,484,0.7749999999999999,0.7419369834710744,0.8095041322314048,96.849987090111,-2.520661157024806,-4.463326446281001,-0.6606404958677625,0.7502
E3_eager_r25,484,0.6681818181818181,0.6299535123966942,0.7076497933884297,83.50116189000774,-13.202479338842988,-16.426136363636367,-10.185950413223143,0.6467999999999999
T0_sdpa_awq64_r100,484,0.800206611570248,0.7671487603305785,0.8324380165289256,99.99999999999999,0.0,0.0,0.0,0.7746000000000001
T1_sdpa_awq64_r75,484,0.7973140495867768,0.7650826446280992,0.831198347107438,99.63852310870124,-0.2892561983471209,-1.6115702479338911,0.9509297520661172,0.7717999999999999
T2_sdpa_awq64_r50,484,0.775206611570248,0.7411105371900826,0.8097107438016529,96.87580686806092,-2.500000000000002,-4.38016528925621,-0.7231404958677579,0.7504
T3_sdpa_awq64_r25,484,0.6675619834710744,0.6287138429752065,0.7074380165289256,83.42370255615802,-13.264462809917354,-16.405991735537192,-10.22727272727273,0.6461999999999999
U2_sdpa_uniform_r50,484,0.7514462809917355,0.7148760330578512,0.7869989669421488,93.90653240382132,-4.876033057851248,-7.107438016528922,-2.685950413223148,0.7333999999999999
U3_sdpa_uniform_r25,484,0.5855371900826446,0.5431818181818181,0.625,73.17325071004389,-21.46694214876034,-25.43543388429753,-17.561983471074385,0.578
