category,seed,k,retention,n,n_ok,n_oom,feasible,n_calibration,threshold_llr,f1,precision,recall,accuracy,balanced_accuracy,auroc,f1_max,f1_structural,f1_logical,auroc_structural,auroc_logical,recall_structural,recall_logical,pred_anomalous_ratio,f1_cal,precision_cal,recall_cal,specificity_cal,balanced_accuracy_cal,f1_cal_structural,f1_cal_logical,f1_max_structural,f1_max_logical,parse_fail_rate,ttft_ms_p50,total_latency_ms_p50,prefill_ms_p50,vision_ms_p50,decode_ms_p50,compress_ms_p50,total_latency_ms_p95,peak_allocated_mb_p50,peak_allocated_mb_max,visual_tokens_before,visual_tokens_after,prefill_seq_len,energy_j_median
breakfast_box,0,1,0.25,40,40,0,True,10,1.2376388026867062,0.6666666666666666,0.5,1.0,0.5,0.5,0.6775,0.7037037037037037,0.5,0.5,0.645,0.71,1.0,1.0,1.0,0.6341463414634146,0.6190476190476191,0.65,0.6,0.625,0.5,0.56,0.5714285714285715,0.631578947368421,0.0,596.5779499999826,846.9309999998984,161.9245500000943,379.369099999991,248.8786499999378,15.820500000018,876.5581800001883,3442.1181640625,3442.1181640625,1000.0,250.0,398.0,63.347407795162965
breakfast_box,0,1,0.5,40,40,0,True,10,1.0142258600331842,0.6666666666666666,0.5,1.0,0.5,0.5,0.685,0.7272727272727273,0.5,0.5,0.68,0.69,1.0,1.0,1.0,0.6190476190476191,0.5909090909090909,0.65,0.55,0.6000000000000001,0.48,0.5384615384615384,0.5882352941176471,0.5714285714285715,0.0,682.0469499999149,935.688199999845,249.69399999997677,377.7884500000255,253.53800000002025,15.895199999988563,964.1913150000562,3442.1181640625,3442.1181640625,1000.0,500.0,648.0,71.23629045938826
breakfast_box,0,1,0.75,40,40,0,True,10,0.9126110821613109,0.6666666666666666,0.5,1.0,0.5,0.5,0.795,0.75,0.5,0.5,0.805,0.785,1.0,1.0,1.0,0.7272727272727272,0.6666666666666666,0.8,0.6,0.7,0.6153846153846154,0.6153846153846154,0.6666666666666666,0.7368421052631577,0.0,802.7653000000328,1050.1115499996558,367.68840000002,382.19950000006975,249.31215000000861,15.78065000001061,1090.9793599999603,3468.9521484375,3468.9521484375,1000.0,750.0,898.0,81.60324477998348
breakfast_box,0,1,1.0,40,40,0,True,10,0.8720039956970139,0.6666666666666666,0.5,1.0,0.5,0.5,0.685,0.7058823529411764,0.5,0.5,0.605,0.765,1.0,1.0,1.0,0.6190476190476191,0.5909090909090909,0.65,0.55,0.6000000000000001,0.41666666666666663,0.5925925925925927,0.5714285714285715,0.6666666666666666,0.0,878.4906500000034,1131.569750000068,456.6339999999798,379.97184999994715,250.78114999995194,1.6803499999014093,1155.839774999896,3557.0205078125,3557.0205078125,1000.0,1000.0,1148.0,91.1545557580966
breakfast_box,0,2,0.25,40,40,0,True,10,0.6423937185201793,0.6666666666666666,0.5,1.0,0.5,0.5,0.78,0.7804878048780488,0.5,0.5,0.77,0.79,1.0,1.0,1.0,0.761904761904762,0.7272727272727273,0.8,0.7,0.75,0.6666666666666666,0.6666666666666666,0.6956521739130435,0.7272727272727272,0.0,876.0914000000923,1126.8427500001224,202.10229999997864,593.8987999999767,248.33209999999895,23.52970000009691,1150.6471849999684,3531.3291015625,3531.3291015625,1500.0,375.0,532.0,87.20456085461244
breakfast_box,0,2,0.5,40,40,0,True,10,0.5112323559122159,0.6666666666666666,0.5,1.0,0.5,0.5,0.7925,0.7428571428571429,0.5,0.5,0.78,0.805,1.0,1.0,1.0,0.7083333333333333,0.6071428571428571,0.85,0.45,0.65,0.5517241379310345,0.6,0.7058823529411764,0.7368421052631577,0.0,1044.0128999999843,1290.6943999999498,370.260499999965,595.1836499999956,246.97300000002542,23.15079999993941,1318.0636499998968,3531.3291015625,3531.3291015625,1500.0,750.0,907.0,101.94258595480485
breakfast_box,0,2,0.75,40,40,0,True,10,0.4751870533684268,0.6666666666666666,0.5,1.0,0.5,0.5,0.8675,0.8421052631578948,0.5,0.5,0.87,0.865,1.0,1.0,1.0,0.7999999999999999,0.72,0.9,0.65,0.775,0.6923076923076923,0.6923076923076923,0.8421052631578948,0.8000000000000002,0.0,1238.963100000177,1487.017400000127,562.3539499999879,592.8127499998936,247.9425500000616,23.35049999999228,1510.8210549997693,3629.35791015625,3629.35791015625,1500.0,1125.0,1282.0,119.58917715275487
breakfast_box,0,2,1.0,40,40,0,True,10,0.43620531631167975,0.6896551724137931,0.5263157894736842,1.0,0.55,0.55,0.795,0.75,0.5263157894736842,0.5263157894736842,0.765,0.825,1.0,1.0,0.95,0.717948717948718,0.7368421052631579,0.7,0.75,0.725,0.6363636363636365,0.6363636363636365,0.6666666666666666,0.8235294117647058,0.0,1478.8995999999202,1727.0381499997711,822.8476999999828,594.545099999948,245.41239999996378,2.2668999999950756,1748.9651249999213,3811.6455078125,3811.6455078125,1500.0,1500.0,1657.0,143.58634713185828
breakfast_box,0,4,0.25,40,40,0,True,10,0.8458092516055331,0.6666666666666666,0.5,1.0,0.5,0.5,0.7475,0.7111111111111111,0.5,0.5,0.745,0.75,1.0,1.0,1.0,0.588235294117647,0.7142857142857143,0.5,0.8,0.65,0.4444444444444445,0.6,0.6153846153846154,0.6666666666666666,0.0,1476.403100000013,1729.5200499998487,318.99179999999916,1017.1506000000647,252.2044000000392,50.650899999993726,1755.7471050000402,3711.10546875,3711.10546875,2500.0,625.0,800.0,134.4342563455009
breakfast_box,0,4,0.5,40,40,0,True,10,0.4972918886691331,0.6551724137931034,0.5,0.95,0.5,0.5,0.84,0.8780487804878048,0.5128205128205129,0.4736842105263158,0.825,0.855,1.0,0.9,0.95,0.7894736842105262,0.8333333333333334,0.75,0.85,0.8,0.7,0.761904761904762,0.8181818181818182,0.8181818181818182,0.0,1792.8047999999706,2043.712400000004,636.6063499999655,1017.114050000032,248.12454999997158,50.1463499999204,2089.5380750001323,3711.10546875,3711.10546875,2500.0,1250.0,1425.0,163.59696084038563
breakfast_box,0,4,0.75,40,40,0,True,10,0.26133047868497666,0.7037037037037037,0.5588235294117647,0.95,0.6,0.6,0.8175,0.7659574468085106,0.5294117647058825,0.5714285714285715,0.795,0.84,0.9,1.0,0.85,0.7368421052631577,0.7777777777777778,0.7,0.8,0.75,0.7272727272727272,0.6,0.761904761904762,0.7499999999999999,0.0,2304.5644500000717,2543.362400000035,1143.6921999999754,1017.2751500000245,239.4729000000666,50.125399999956244,2594.216404999918,4086.39990234375,4086.39990234375,2500.0,1875.0,2050.0,207.43901320858274
breakfast_box,0,4,1.0,40,40,0,True,10,0.3520570958498865,0.7037037037037037,0.5588235294117647,0.95,0.6,0.6,0.7725,0.7441860465116279,0.5294117647058825,0.5714285714285715,0.735,0.81,0.9,1.0,0.85,0.6111111111111112,0.6875,0.55,0.75,0.65,0.5,0.5714285714285713,0.64,0.7058823529411764,0.0,2764.233149999882,3004.0118499999835,1638.7921999999548,1018.7309000000369,235.77475000001868,15.023750000068503,3039.34738000014,4561.287109375,4561.287109375,2500.0,2500.0,2675.0,247.9048015497696
breakfast_box,0,8,0.25,40,40,0,True,10,0.8613812078954651,0.6666666666666666,0.5,1.0,0.5,0.5,0.7225,0.7450980392156863,0.5,0.5,0.66,0.785,1.0,1.0,1.0,0.48275862068965514,0.7777777777777778,0.35,0.9,0.625,0.15384615384615383,0.6666666666666665,0.625,0.7368421052631577,0.0,2636.5950500000395,2889.878749999923,579.3618000000151,1813.9502500000049,250.44740000001298,87.47249999998985,2931.6666650000343,4069.875,4069.875,4500.0,1125.0,1336.0,227.06644963226336
breakfast_box,0,8,0.5,40,40,0,True,10,0.6269784938311203,0.6666666666666667,0.5135135135135135,0.95,0.525,0.525,0.8325,0.85,0.5263157894736842,0.48648648648648646,0.81,0.855,1.0,0.9,0.925,0.5185185185185185,1.0,0.35,1.0,0.675,0.33333333333333337,0.6666666666666666,0.761904761904762,0.8181818181818182,0.0,3533.933299999944,3770.625550000318,1473.5944999999901,1814.8059000000244,239.4078999999465,87.9474999999843,3817.55416000002,4403.93701171875,4403.93701171875,4500.0,2250.0,2461.0,306.6639388268793
breakfast_box,0,8,0.75,40,40,0,True,10,0.31923315949970843,0.6896551724137931,0.5263157894736842,1.0,0.55,0.55,0.87,0.888888888888889,0.5263157894736842,0.5263157894736842,0.835,0.905,1.0,1.0,0.95,0.888888888888889,1.0,0.8,1.0,0.9,0.888888888888889,0.888888888888889,0.888888888888889,0.888888888888889,0.0,4747.451249999984,4988.123150000007,2681.846500000006,1820.116549999966,242.63999999999442,86.97299999994357,5039.3497849995465,5478.0888671875,5478.0888671875,4500.0,3375.0,3586.0,411.4829413168314
breakfast_box,0,8,1.0,40,40,0,True,10,0.45988094098865984,0.6779661016949152,0.5128205128205128,1.0,0.525,0.525,0.855,0.8108108108108107,0.5128205128205129,0.5128205128205129,0.8,0.91,1.0,1.0,0.975,0.7777777777777777,0.875,0.7,0.9,0.8,0.6666666666666665,0.8000000000000002,0.7368421052631577,0.8235294117647058,0.0,11796.853000000112,12070.53865000006,9817.80800000007,1820.8101999999826,274.1697999999815,4.554250000012416,12119.542109999988,6854.44287109375,6854.44287109375,4500.0,4500.0,4711.0,693.1477342282687
