contrast,a,b,auroc_a,auroc_b,diff_b_minus_a,ci_low,ci_high,n_queries,p_boot_le_0
more references (k=1 -> 8),"k=1,r=1.00","k=8,r=1.00",0.5944999999999999,0.7230000000000001,0.12850000000000017,0.057162499999999915,0.21928750000000002,200,0.0
more references (k=1 -> 8),"k=1,r=0.75","k=8,r=0.75",0.6144999999999999,0.6970000000000001,0.08250000000000013,0.015450000000000012,0.16628749999999998,200,0.01
more references (k=1 -> 8),"k=1,r=0.50","k=8,r=0.50",0.578,0.656,0.07800000000000007,0.0017125000000000343,0.16158749999999963,200,0.02
more references (k=1 -> 8),"k=1,r=0.25","k=8,r=0.25",0.5795,0.6745,0.09499999999999997,0.01373749999999999,0.165525,200,0.01
more references (k=4 -> 8),"k=4,r=1.00","k=8,r=1.00",0.6045,0.7230000000000001,0.11850000000000005,0.05649999999999994,0.19883749999999994,200,0.0
more references (k=4 -> 8),"k=4,r=0.75","k=8,r=0.75",0.6134999999999999,0.6970000000000001,0.08350000000000013,0.030499999999999965,0.151025,200,0.0
more references (k=4 -> 8),"k=4,r=0.50","k=8,r=0.50",0.6055,0.656,0.05049999999999999,0.0017125000000000287,0.11178749999999993,200,0.023333333333333334
more references (k=4 -> 8),"k=4,r=0.25","k=8,r=0.25",0.618,0.6745,0.056499999999999995,0.001712500000000087,0.10805,200,0.016666666666666666
compression at k=1 (100% -> 75%),"k=1,r=1.00","k=1,r=0.75",0.5944999999999999,0.6144999999999999,0.020000000000000018,-0.02452499999999999,0.0687875,200,0.19333333333333333
compression at k=1 (100% -> 50%),"k=1,r=1.00","k=1,r=0.50",0.5944999999999999,0.578,-0.01649999999999996,-0.076575,0.04178749999999992,200,0.75
compression at k=1 (100% -> 25%),"k=1,r=1.00","k=1,r=0.25",0.5944999999999999,0.5795,-0.014999999999999902,-0.08602500000000002,0.05926250000000002,200,0.6433333333333333
compression at k=2 (100% -> 75%),"k=2,r=1.00","k=2,r=0.75",0.6359999999999999,0.6435,0.007500000000000062,-0.028499999999999977,0.044025000000000016,200,0.33666666666666667
compression at k=2 (100% -> 50%),"k=2,r=1.00","k=2,r=0.50",0.6359999999999999,0.636,1.1102230246251565e-16,-0.05678750000000008,0.0505000000000001,200,0.51
compression at k=2 (100% -> 25%),"k=2,r=1.00","k=2,r=0.25",0.6359999999999999,0.62,-0.015999999999999903,-0.08998750000000004,0.0575,200,0.6766666666666666
compression at k=4 (100% -> 75%),"k=4,r=1.00","k=4,r=0.75",0.6045,0.6134999999999999,0.008999999999999897,-0.026500000000000027,0.04850000000000004,200,0.32
compression at k=4 (100% -> 50%),"k=4,r=1.00","k=4,r=0.50",0.6045,0.6055,0.0010000000000000009,-0.05076250000000007,0.05109999999999995,200,0.48333333333333334
compression at k=4 (100% -> 25%),"k=4,r=1.00","k=4,r=0.25",0.6045,0.618,0.013499999999999956,-0.05555000000000005,0.07655000000000002,200,0.33
compression at k=8 (100% -> 75%),"k=8,r=1.00","k=8,r=0.75",0.7230000000000001,0.6970000000000001,-0.026000000000000023,-0.06278749999999997,0.025287500000000022,200,0.87
compression at k=8 (100% -> 50%),"k=8,r=1.00","k=8,r=0.50",0.7230000000000001,0.656,-0.06700000000000006,-0.133025,-0.0025000000000000577,200,0.9766666666666667
compression at k=8 (100% -> 25%),"k=8,r=1.00","k=8,r=0.25",0.7230000000000001,0.6745,-0.0485000000000001,-0.12615000000000007,0.021499999999999964,200,0.8933333333333333
"capacity trade: best full-token resident (k=4,100%) -> k=8,75%","k=4,r=1.00","k=8,r=0.75",0.6045,0.6970000000000001,0.09250000000000003,0.02090000000000002,0.16628749999999998,200,0.0
"capacity trade: k=4,100% -> k=8,50%","k=4,r=1.00","k=8,r=0.50",0.6045,0.656,0.05149999999999999,-0.019762500000000096,0.12631249999999997,200,0.09666666666666666
"capacity trade: k=4,100% -> k=8,25%","k=4,r=1.00","k=8,r=0.25",0.6045,0.6745,0.06999999999999995,-0.013762499999999985,0.13652499999999992,200,0.07
