seed,k,retention,n_categories,feasible_all,n_oom,n,n_ok,n_calibration,threshold_llr,f1,precision,recall,accuracy,balanced_accuracy,auroc,auprc,f1_max,f1_structural,f1_logical,auroc_structural,auroc_logical,auprc_structural,auprc_logical,recall_structural,recall_logical,pred_anomalous_ratio,n_structural,n_logical,f1_cal,precision_cal,recall_cal,specificity_cal,accuracy_cal,balanced_accuracy_cal,f1_cal_structural,f1_cal_logical,f1_max_structural,f1_max_logical,parse_fail_rate,ttft_ms_p50,total_latency_ms_p50,prefill_ms_p50,vision_ms_p50,decode_ms_p50,compress_ms_p50,total_latency_ms_p95,peak_allocated_mb_p50,peak_allocated_mb_max,peak_reserved_mb_max,visual_tokens_before,visual_tokens_after,prefill_seq_len,energy_j_median,auroc_ci_low,auroc_ci_high,auroc_structural_ci_low,auroc_structural_ci_high,auroc_logical_ci_low,auroc_logical_ci_high,peak_reserved_grid_mb,context_overhead_mb,vram_mb,residency,attention_backend
0,1,0.25,5,True,0,200,200,10.0,2.430844853897579,0.6666666666666666,0.5,1.0,0.5,0.5,0.5795,0.6421142309138409,0.695213128606958,0.5,0.5,0.5740000000000001,0.585,0.5070641312146795,0.5040116275109007,1.0,1.0,1.0,10.0,10.0,0.34837070270368253,0.6961904761904762,0.27,0.85,0.5599999999999999,0.56,0.31380952380952387,0.29507692307692307,0.5716784010901659,0.5608035239614187,0.0,665.9127500001546,1055.3620000001217,164.8269900000514,425.8923899998081,384.47967999999264,18.592000000103326,1259.5100710003135,3441.54560546875,3441.54560546875,3671.2,1001.2,250.4,400.6,67.78973382978756,0.499975,0.6575124999999999,0.47000000000000003,0.673,0.48597499999999993,0.6869999999999999,3686.0,1100.5,4786.5,VRAM-resident,sdpa
0,1,0.5,5,True,0,200,200,10.0,2.5784302135114556,0.6666666666666666,0.5,1.0,0.5,0.5,0.578,0.6199848520106161,0.7046944968777853,0.5,0.5,0.5730000000000001,0.5830000000000001,0.47697032902643854,0.4929238612586942,1.0,1.0,1.0,10.0,10.0,0.28901098901098904,0.7181818181818181,0.23000000000000004,0.86,0.545,0.5449999999999999,0.22247352647352647,0.28007326007326006,0.5652046625101654,0.5622358034122741,0.0,745.8323100003525,1137.0527199997468,248.4225800000388,422.4992600001201,386.25208999990264,18.449480000101914,1357.7499449992454,3441.54560546875,3441.54560546875,3681.2,1001.2,500.4,650.6,75.84411043344865,0.49350000000000005,0.6520249999999999,0.48097500000000004,0.66705,0.48497500000000004,0.68105,3696.0,1100.5,4796.5,VRAM-resident,sdpa
0,1,0.75,5,True,0,200,200,10.0,2.6091326821409164,0.6666666666666666,0.5,1.0,0.5,0.5,0.6144999999999999,0.6377400731087131,0.7029200359389038,0.5,0.5,0.611,0.618,0.5107985523758236,0.503083906562393,1.0,1.0,1.0,10.0,10.0,0.3692640692640693,0.6666666666666666,0.33,0.8099999999999999,0.5700000000000001,0.5700000000000001,0.33671328671328676,0.2968864468864469,0.584313725490196,0.583806762967647,0.0,863.2006599998476,1257.2501399998941,363.7490800000933,423.2913399997301,389.1379899999066,18.791960000248764,1497.5906590003842,3471.44951171875,3471.44951171875,3763.6,1001.2,750.8,901.0,86.76488385252554,0.5325,0.68855,0.520975,0.7010500000000001,0.522975,0.71,3816.0,1100.5,4916.5,VRAM-resident,sdpa
0,1,1.0,5,True,0,200,200,10.0,2.59978709644638,0.6621468926553672,0.49743589743589745,0.99,0.495,0.495,0.5944999999999999,0.6377040466530225,0.6996786350903997,0.5,0.49230769230769234,0.583,0.606,0.5011129721377668,0.5114121385512741,1.0,0.9800000000000001,0.9949999999999999,10.0,10.0,0.3569937309067744,0.5778309409888357,0.31999999999999995,0.7799999999999999,0.55,0.55,0.303921568627451,0.2976327376327376,0.5707629041333158,0.5758893223071722,0.0,964.5705800000542,1353.110229999993,481.611440000097,422.0029599997644,386.9462300000805,4.498540000005846,1591.8162410003376,3559.86982421875,3559.86982421875,3829.2,1001.2,1001.2,1151.4,95.80946090667756,0.5109874999999999,0.6700124999999999,0.49095,0.6730249999999999,0.510975,0.702,3844.0,1100.5,4944.5,VRAM-resident,sdpa
0,2,0.25,5,True,0,200,200,10.0,2.301577509222552,0.6666666666666666,0.5,1.0,0.5,0.5,0.62,0.6692765767969846,0.7025241839979774,0.5,0.5,0.655,0.585,0.5603921300253916,0.5191939096293906,1.0,1.0,1.0,10.0,10.0,0.3512294372294372,0.6554545454545455,0.29000000000000004,0.86,0.575,0.575,0.319047619047619,0.29943977591036414,0.5976837094649156,0.5934731934731935,0.0,968.5242100001233,1355.0632700000647,204.16137000007666,655.8439000004228,385.3158499999722,26.987010000141254,1605.8231390001856,3531.990234375,3531.990234375,3815.2,1501.8,375.6,534.8,91.95631808543678,0.540975,0.6915124999999999,0.557,0.7450249999999999,0.484,0.6800249999999999,3820.0,1100.5,4920.5,VRAM-resident,sdpa
0,2,0.5,5,True,0,200,200,10.0,2.3954484792635773,0.6712643678160919,0.5052631578947369,1.0,0.51,0.51,0.636,0.6605356833899098,0.715910231704975,0.5052631578947369,0.5052631578947369,0.643,0.629,0.5266944500803634,0.5413059611625854,1.0,1.0,0.99,10.0,10.0,0.2995261984392419,0.5214285714285715,0.27,0.8400000000000001,0.5549999999999999,0.5549999999999999,0.2052166224580018,0.314047619047619,0.6119396284829721,0.6216821465428277,0.0,1134.8378899997897,1527.208359999804,371.34841999999253,657.9181200004086,388.69042000007994,27.13114999992854,1758.3454140005028,3531.990234375,3531.990234375,3945.2,1501.8,750.6,909.8,105.85818363915777,0.5584875000000001,0.7085,0.549,0.7360249999999999,0.5379750000000001,0.716,3954.0,1100.5,5054.5,VRAM-resident,sdpa
0,2,0.75,5,True,0,200,200,10.0,2.2732992146047764,0.675,0.5214285714285715,0.97,0.53,0.53,0.6435,0.68809019333445,0.7247438327189897,0.52,0.5103448275862069,0.6450000000000001,0.642,0.5771276996410746,0.5688645331848807,0.9800000000000001,0.96,0.9400000000000001,10.0,10.0,0.4359115479115479,0.7051764705882353,0.39,0.85,0.62,0.62,0.40836120401337794,0.3721226142278774,0.6500202429149798,0.6191029975208474,0.0,1333.5488800001258,1718.0333699996766,564.1528799999833,657.0303300002024,386.1593400001311,27.164430000266293,1915.4555100001285,3632.5771484375,3632.5771484375,4050.0,1501.8,1126.2,1285.4,122.95430387989136,0.5654750000000001,0.7135,0.5439749999999999,0.7390249999999999,0.542975,0.7400249999999999,4064.0,1100.5,5164.5,VRAM-resident,sdpa
0,2,1.0,5,True,0,200,200,10.0,2.226417805717792,0.6739310344827586,0.5185964912280701,0.97,0.53,0.53,0.6359999999999999,0.6731962364680344,0.703181579145068,0.5177631578947368,0.5084889643463497,0.632,0.64,0.5525170037756523,0.549070281616102,0.9800000000000001,0.96,0.9400000000000001,10.0,10.0,0.4183760683760684,0.7547619047619047,0.35,0.86,0.605,0.605,0.4051948051948052,0.34484472049689435,0.6071770334928229,0.6058602835073423,0.0,1584.1163200004985,1972.6459600000908,845.555750000085,655.7997800000521,383.6879599999463,2.927810000210229,2229.364481000657,3812.8150390625,3812.8150390625,4205.6,1501.8,1501.8,1661.0,146.45101917689001,0.5544749999999999,0.7135,0.530975,0.727,0.544,0.73305,4226.0,1100.5,5326.5,VRAM-resident,sdpa
0,4,0.25,5,True,0,200,200,10.0,2.6620694104232827,0.6666666666666666,0.5,1.0,0.5,0.5,0.618,0.6739039247231571,0.6856184486373166,0.5,0.5,0.6199999999999999,0.616,0.5487448458482784,0.5400675856726653,1.0,1.0,1.0,10.0,10.0,0.32926153130756713,0.8095238095238095,0.23000000000000004,0.9199999999999999,0.575,0.575,0.29460317460317464,0.30241758241758243,0.573076923076923,0.586903086593489,0.0,1618.527770000037,2011.2611800001218,323.23123999984205,1115.5075000000124,387.54519000002574,53.664330000009386,2282.7163379998206,3712.64892578125,3712.64892578125,4079.2,2503.0,626.0,803.2,139.10048357038613,0.5395000000000001,0.6910125,0.520975,0.713075,0.509975,0.7120249999999999,4100.0,1100.5,5200.5,VRAM-resident,sdpa
0,4,0.5,5,True,0,200,200,10.0,2.869031916825334,0.6643678160919539,0.5,0.99,0.5,0.5,0.6055,0.6417135889457631,0.7195767195767194,0.5025641025641026,0.4947368421052632,0.607,0.604,0.5221204108714407,0.5122553293902381,1.0,0.9800000000000001,0.99,10.0,10.0,0.3527665317139001,0.6,0.27999999999999997,0.9,0.5900000000000001,0.5900000000000001,0.3041025641025641,0.3461064425770308,0.6100662338514,0.6116341991341991,0.0,1940.5620099998146,2333.4661599995115,642.8547799999137,1119.8681899998007,387.9624900000124,52.58240000002843,2658.243305000078,3714.0005859375,3714.0005859375,4372.8,2503.0,1251.0,1428.2,169.50081058062898,0.5235000000000001,0.680025,0.49700000000000005,0.713,0.511975,0.694,4394.0,1100.5,5494.5,VRAM-resident,sdpa
0,4,0.75,5,True,0,200,200,10.0,2.8322420905064787,0.6718141870684243,0.5117647058823529,0.9800000000000001,0.52,0.52,0.6134999999999999,0.65343176953912,0.6935423665546845,0.5007541478129713,0.5168498168498169,0.603,0.624,0.5493541082958735,0.507462898918968,0.96,1.0,0.96,10.0,10.0,0.3902402159244264,0.5781196581196582,0.32,0.9,0.61,0.61,0.4035921972764077,0.3079120879120879,0.6197493734335839,0.5874703223973087,0.0,2451.1139800002893,2836.21122000016,1150.6790400000455,1118.061710000245,381.55127999990555,57.404079999838586,3221.726231999438,4084.16826171875,4084.16826171875,4603.6,2503.0,1877.0,2054.2,213.94868185954564,0.5344625,0.6905249999999999,0.494975,0.707,0.524,0.71905,4624.0,1100.5,5724.5,VRAM-resident,sdpa
0,4,1.0,5,True,0,200,200,10.0,2.839154477646807,0.6763339610797237,0.5143288084464555,0.99,0.525,0.525,0.6045,0.643542420898727,0.6913659449345094,0.508446455505279,0.5168498168498169,0.603,0.6060000000000001,0.5345280864954034,0.4929817951002498,0.9800000000000001,1.0,0.9650000000000001,10.0,10.0,0.3229763700351936,0.49940476190476185,0.26,0.86,0.5599999999999999,0.5599999999999999,0.32505494505494503,0.24249084249084243,0.589025641025641,0.5790066782914012,0.0,2938.2022800000013,3326.1463899999458,1694.9648200000127,1110.04978000027,379.31918000014946,14.521309999940968,3723.5491690004988,4561.77236328125,4561.77236328125,5056.4,2503.0,2503.0,2680.2,255.17491826510508,0.5224875,0.6864999999999999,0.499975,0.702,0.512975,0.6990000000000001,5112.0,1100.5,6212.5,VRAM-resident,sdpa
0,8,0.25,5,True,0,200,200,10.0,1.7180045202607288,0.6666666666666666,0.5,1.0,0.5,0.5,0.6745,0.721035271518115,0.71760015010789,0.5,0.5,0.666,0.683,0.5698997038751917,0.6404148628004835,1.0,1.0,1.0,10.0,10.0,0.4869509331355828,0.7299393939393939,0.41,0.82,0.615,0.615,0.35572935836093733,0.4912842059900884,0.6213501683501683,0.6595300468365484,0.0,2899.7752399999627,3296.417800000404,590.9733200000574,2001.681149999945,389.3216499999198,91.31300999985683,3751.9029459991375,4072.49580078125,4072.49580078125,4608.4,4505.4,1126.8,1340.0,235.67470612308435,0.6005,0.743,0.5700000000000001,0.751025,0.592,0.773125,4642.0,1100.5,5742.5,VRAM-resident,sdpa
0,8,0.5,5,True,0,200,200,10.0,1.740030947434716,0.6666666666666666,0.5027027027027027,0.99,0.505,0.505,0.656,0.7207127663136264,0.7305442176870748,0.5052631578947369,0.49729729729729727,0.6460000000000001,0.6659999999999999,0.5902722103886626,0.6221841187231565,1.0,0.9800000000000001,0.985,10.0,10.0,0.5112707535121329,0.7860484544695071,0.4,0.86,0.6300000000000001,0.6300000000000001,0.4101098901098902,0.513826043237808,0.6231855500821017,0.6745112701634441,0.0,3812.2597499997996,4190.712960000371,1501.7883700000993,2001.9688500000143,380.30517000023565,91.3030799999433,4682.048179999977,4404.05458984375,4404.05458984375,5326.8,4505.4,2251.8,2465.0,314.64304448715427,0.5809875000000001,0.726575,0.543975,0.7500249999999999,0.576975,0.760025,5386.0,1100.5,6486.5,VRAM-resident,sdpa
0,8,0.75,5,True,0,200,200,10.0,1.6132521594467106,0.6712643678160919,0.5052631578947369,1.0,0.51,0.51,0.6970000000000001,0.7558439828101146,0.7394670688788336,0.5052631578947369,0.5052631578947369,0.697,0.697,0.6780620154833403,0.6302099352623144,1.0,1.0,0.99,10.0,10.0,0.583420411006618,0.8632478632478632,0.4699999999999999,0.9200000000000002,0.6950000000000001,0.6950000000000001,0.5877325289089995,0.5180629827688651,0.6755321972713276,0.6439613526570048,0.0,5034.65565000015,5419.665949999793,2722.714380000025,2000.6257299998651,378.4599999999102,91.67176000001973,6015.074247999984,5482.29140625,5482.29140625,6358.0,4505.4,3378.6,3591.8,423.7361647162819,0.6244875,0.7690125,0.59195,0.7969999999999999,0.59695,0.789025,6464.0,1100.5,7564.5,VRAM-resident,sdpa
0,8,1.0,5,True,0,200,200,10.0,1.5816754703328477,0.6689265536723162,0.5025641025641026,1.0,0.505,0.505,0.7230000000000001,0.7767434385601264,0.7298389298389298,0.5025641025641026,0.5025641025641026,0.7250000000000001,0.721,0.690335409588827,0.6584806885955274,1.0,1.0,0.9949999999999999,10.0,10.0,0.5861573135001127,0.7730952380952381,0.4800000000000001,0.8700000000000001,0.675,0.675,0.5830065359477123,0.49269841269841275,0.6824408848207475,0.6697407167995403,0.0,7865.146019999702,8249.59540000018,5682.17431000005,2007.2751800000333,387.21312999985145,23.398859999713295,9167.73402999992,6868.73837890625,6868.73837890625,7644.4,4505.4,4505.4,4718.6,593.4662766487976,0.647475,0.7925125,0.6140000000000001,0.8180499999999999,0.6219500000000001,0.8160000000000001,7810.0,1100.5,8910.5,spill/degraded,sdpa
