category,k,retention,status,error_message,peak_allocated_mb,peak_reserved_mb,context_overhead_mb,device_footprint_mb,latency_ms_median,ttft_ms_median,visual_tokens_before,visual_tokens_after,prefill_seq_len,max_pixels_tokens,attention_backend,device_total_mb,exceeds_vram
pushpins,1,1.0,ok,,3553.0595703125,3818.0,1100.5,4918.5,1103.5176999999994,855.2339999999994,986,986,1136,512,sdpa,8187.5,False
pushpins,2,1.0,ok,,3800.82373046875,4192.0,1100.5,5292.5,1684.6141000000048,1445.8974000000035,1479,1479,1638,512,sdpa,8187.5,False
pushpins,4,1.0,ok,,4535.06103515625,5030.0,1100.5,6130.5,2951.8322999999964,2720.394199999998,2465,2465,2642,512,sdpa,8187.5,False
pushpins,8,1.0,over_vram,,6767.92236328125,7534.0,1100.5,8634.5,6369.6565000000055,6096.447599999998,4437,4437,4650,512,sdpa,8187.5,True
pushpins,12,1.0,over_vram,,10177.91943359375,11174.0,1100.5,12274.5,104392.89890000007,104044.46000000005,6409,6409,6662,512,sdpa,8187.5,True
pushpins,1,0.75,ok,,3466.31201171875,3816.0,1100.5,4916.5,1043.1082999999717,769.0094999999246,986,740,890,512,sdpa,8187.5,False
pushpins,2,0.75,ok,,3624.32568359375,4044.0,1100.5,5144.5,1432.6341000000298,1189.8968000000423,1479,1110,1269,512,sdpa,8187.5,False
pushpins,4,0.75,ok,,4058.70654296875,4624.0,1100.5,5724.5,2415.127200000029,2178.973900000017,2465,1850,2027,512,sdpa,8187.5,False
pushpins,8,0.75,ok,,5427.39697265625,6292.0,1100.5,7392.5,4889.710400000013,4644.604399999991,4437,3330,3543,512,sdpa,8187.5,False
pushpins,12,0.75,over_vram,,7428.75390625,8600.0,1100.5,9700.5,21380.62839999998,21091.986799999973,6409,4810,5063,512,sdpa,8187.5,True
pushpins,16,0.75,over_vram,,10092.90576171875,11542.0,1100.5,12642.5,111015.26239999986,110669.65599999992,8381,6290,6583,512,sdpa,8187.5,True
pushpins,1,0.5,ok,,3442.0625,3692.0,1100.5,4792.5,929.2264999999134,683.3847999999989,986,492,642,512,sdpa,8187.5,False
pushpins,2,0.5,ok,,3527.57421875,3938.0,1100.5,5038.5,1269.9104000000716,1029.6359000000166,1479,738,897,512,sdpa,8187.5,False
pushpins,4,0.5,ok,,3704.50634765625,4368.0,1100.5,5468.5,1960.0242999998727,1725.9763000000703,2465,1230,1407,512,sdpa,8187.5,False
pushpins,8,0.5,ok,,4373.84228515625,5284.0,1100.5,6384.5,3661.8363000000045,3432.723399999986,4437,2214,2427,512,sdpa,8187.5,False
pushpins,12,0.5,ok,,5352.65625,6532.0,1100.5,7632.5,5591.908400000079,5361.334600000077,6409,3198,3451,512,sdpa,8187.5,False
pushpins,16,0.5,over_vram,,6601.65966796875,8342.0,1100.5,9442.5,16303.373200000011,16039.939399999981,8381,4182,4475,512,sdpa,8187.5,True
pushpins,24,0.5,over_vram,,10013.19287109375,12460.0,1100.5,13560.5,138679.9245000002,138317.4097000001,12325,6150,6523,512,sdpa,8187.5,True
pushpins,1,0.25,ok,,3442.0625,3682.0,1100.5,4782.5,826.7568000003394,594.3711000004441,986,246,396,512,sdpa,8187.5,False
pushpins,2,0.25,ok,,3527.57421875,3812.0,1100.5,4912.5,1102.1282999997766,870.3119000001607,1479,369,528,512,sdpa,8187.5,False
pushpins,4,0.25,ok,,3704.50634765625,4078.0,1100.5,5178.5,1677.146400000538,1436.4884000001439,2465,615,792,512,sdpa,8187.5,False
pushpins,8,0.25,ok,,4058.97412109375,4586.0,1100.5,5686.5,2830.815899999834,2586.4035000001877,4437,1107,1320,512,sdpa,8187.5,False
pushpins,12,0.25,ok,,4416.56103515625,5516.0,1100.5,6616.5,4136.222500000031,3900.072499999851,6409,1599,1852,512,sdpa,8187.5,False
pushpins,16,0.25,ok,,4767.80029296875,6284.0,1100.5,7384.5,5456.560000000081,5212.705500000084,8381,2091,2384,512,sdpa,8187.5,False
pushpins,24,0.25,over_vram,,5473.8359375,8066.0,1100.5,9166.5,16416.936700000406,16181.575500000463,12325,3075,3448,512,sdpa,8187.5,True
