config_name,dataset,attention_backend,token_method,token_retention,awq_dequant_threshold,n,n_ok,n_failed,pope_accuracy,pope_precision,pope_recall,pope_f1,pope_yes_ratio,quality,quality_metric,pope_f1_adversarial,pope_f1_popular,quality_ci_low,quality_ci_high,preprocess_ms_mean,preprocess_ms_p50,preprocess_ms_p95,preprocess_ms_std,vision_ms_mean,vision_ms_p50,vision_ms_p95,vision_ms_std,compress_ms_mean,compress_ms_p50,compress_ms_p95,compress_ms_std,prefill_ms_mean,prefill_ms_p50,prefill_ms_p95,prefill_ms_std,decode_ms_mean,decode_ms_p50,decode_ms_p95,decode_ms_std,ttft_ms_mean,ttft_ms_p50,ttft_ms_p95,ttft_ms_std,total_latency_ms_mean,total_latency_ms_p50,total_latency_ms_p95,total_latency_ms_std,generated_tokens_mean,generated_tokens_p50,generated_tokens_p95,generated_tokens_std,tokens_per_second_mean,tokens_per_second_p50,tokens_per_second_p95,tokens_per_second_std,decode_tokens_per_second_mean,decode_tokens_per_second_p50,decode_tokens_per_second_p95,decode_tokens_per_second_std,decode_ms_per_token_p50,peak_allocated_mb_p50,peak_allocated_mb_max,peak_reserved_mb_p50,peak_reserved_mb_max,energy_j_median,energy_j_mean,average_power_w_median,average_power_w_mean,visual_tokens_before_mean,visual_tokens_after_mean,achieved_retention,prefill_seq_len_mean,frac_prefill_ge_1024,isolated_peak_reserved_mb,device_footprint_mb
C0_sdpa_r100,pope,sdpa,none,1.0,1024,500,500,0,0.848,0.9009009009009009,0.7874015748031497,0.8403361344537815,0.444,0.848,POPE accuracy,0.8354430379746834,0.85,0.818,0.878,8.977423399992404,8.222499998737476,15.62805499979731,2.842288224858191,133.338254400016,129.05200000022887,177.36452499993902,23.45434170042533,1.4490848000241385,1.228699999046512,2.2066249990530187,0.5473399663980895,319.35841360001,320.6731000000218,377.17377999979345,46.720389254532776,71.75809319999462,64.40210000073421,120.93259499970371,20.36269673025522,463.12317620004245,459.3524999991132,558.5694350001176,67.61425973333017,534.8812694000371,529.6902000000046,671.4700100008486,72.64762692192618,2.0,2.0,2.0,0.0,3.8085141386789156,3.7757948204458343,4.748673659487177,0.5197007753196983,14.711094893591431,15.52744418569144,17.716905068006234,2.8036404779570683,64.40210000073421,3321.78173828125,3361.41748046875,7786.0,7786.0,39.41484375822708,39.37488100011898,73.79151025641028,73.3637748596963,353.444,353.444,1.0,392.704,0.0,3500.0,4600.5
C1_sdpa_r75,pope,sdpa,visionzip,0.75,1024,500,500,0,0.85,0.8942731277533039,0.7992125984251969,0.8440748440748441,0.454,0.85,POPE accuracy,0.8328075709779181,0.8658536585365854,0.82,0.88,8.97471319995384,8.245549999628565,15.804130000105939,2.7037136991342376,133.81394140004704,129.36814999920898,177.07294499878117,22.619080642414783,6.654517600010877,6.038299999090668,9.71557999946526,1.6283271926408422,251.9534120000135,255.00265000027866,292.8439700005583,33.360132235876655,74.0069948000164,65.26730000041425,119.70967999986897,40.591453500447656,401.39658420002525,400.43585000057647,469.2363699992711,54.55008116714765,475.40357900004165,471.4087499987727,586.1611750002339,69.87149522170738,2.0,2.0,2.0,0.0,4.284313845892013,4.242602723698261,5.350607082720306,0.5635544666396478,14.525098706217992,15.321609382542373,17.573693882921788,2.816535403306671,65.26730000041425,3320.888671875,3353.68310546875,7786.0,7786.0,32.47693915345232,32.830779725945455,68.4529191304348,68.71414400148342,353.444,265.102,0.7500537567478864,304.362,0.0,3512.0,4612.5
C2_sdpa_r50,pope,sdpa,visionzip,0.5,1024,500,500,0,0.85,0.8942731277533039,0.7992125984251969,0.8440748440748441,0.454,0.85,POPE accuracy,0.8328075709779181,0.8658536585365854,0.82,0.878,9.2524158000233,8.235199999944598,16.296344999955174,3.6976907669461205,133.39261779996014,128.20340000052965,178.03731000030893,23.313351549264915,6.706186200011871,6.010950000927551,10.13225499891632,1.9306073121962724,180.54400160003206,179.027700000006,211.37679999910685,22.48638204248199,72.48647639996489,64.75914999919041,120.6233400005658,20.378966902672648,329.8952214000274,321.51745000101073,400.0940649996664,45.26307515937253,402.3816977999923,397.80030000201805,508.86450499674527,53.3097300494631,2.0,2.0,2.0,0.0,5.055413512390515,5.027664410219895,6.2065937470366,0.6522297788192657,14.550834170063503,15.441846330108188,17.544123059538087,2.7652366793541105,64.75914999919041,3320.888671875,3353.68310546875,7786.0,7786.0,27.701817410692044,27.90061762316769,68.84270031055901,68.99629364426694,353.444,176.744,0.5000622446554475,216.004,0.0,3512.0,4612.5
C3_sdpa_r25,pope,sdpa,visionzip,0.25,1024,500,500,0,0.836,0.9018691588785047,0.7598425196850394,0.8247863247863247,0.428,0.836,POPE accuracy,0.8038585209003215,0.8662420382165605,0.804,0.868,9.097146599997359,8.298099999592523,15.06982999981119,2.9824008928391046,133.29795559999548,128.48134999967442,179.4021250008882,22.839938717183248,6.637489799999457,5.968049999864888,9.74743000106173,1.8642652042837735,114.2940761999962,117.46709999988525,130.59692500046367,13.456671709316826,72.38313140000173,65.7674499998393,119.86832499951561,19.493481383466502,263.3266681999885,265.2465500004837,328.27749499938363,37.86535687869113,335.7097995999903,332.26715000000695,434.860680001293,49.85225262190425,2.0,2.0,2.0,0.0,6.0784116005568425,6.019397911866946,7.330903589590711,0.8284831069111204,14.511233089592162,15.205090125596726,17.28292554913773,2.6518218932895232,65.7674499998393,3320.888671875,3353.68310546875,7786.0,7786.0,23.70273058798056,23.564176347624475,70.83171666666668,69.91503377445537,353.444,88.342,0.24994624325211348,127.602,0.0,3506.0,4606.5
U2_sdpa_uniform_r50,pope,sdpa,uniform,0.5,1024,500,500,0,0.852,0.8982300884955752,0.7992125984251969,0.8458333333333333,0.452,0.852,POPE accuracy,0.8391167192429022,0.8588957055214723,0.822,0.882,8.892879200044263,8.059249999860185,15.741815000637864,2.972045285732537,133.3092194000019,129.33425000028365,176.29407500071463,22.64414551174428,1.5587221999921894,1.320599999417027,2.4205699993217418,0.5016004268524356,181.2774197999497,179.9461499995232,210.40085500017085,23.160228327630694,73.54098280001199,66.31724999988364,120.43808499984152,19.98956983824604,325.038240599988,315.0238999996873,391.1607399972126,44.2634693874567,398.5792234,392.01554999999644,502.4515100012649,51.35505507677853,2.0,2.0,2.0,0.0,5.099465662003711,5.101838955530985,6.260327787494031,0.6440152307719046,14.314011003735644,15.07903317708168,17.28794674146714,2.7117027716059217,66.31724999988364,3320.7275390625,3353.68310546875,7786.0,7786.0,29.194641612644872,29.08650644889174,72.83834761904762,72.67995705932631,353.444,176.744,0.5000622446554475,216.004,0.0,3494.0,4594.5
U3_sdpa_uniform_r25,pope,sdpa,uniform,0.25,1024,500,500,0,0.844,0.9074074074074074,0.7716535433070866,0.8340425531914895,0.432,0.844,POPE accuracy,0.8295819935691319,0.8427672955974842,0.812,0.876,9.127358800022193,8.328549999532697,16.154915000515754,3.0579989205099984,133.7782358000004,129.31070000013278,178.17215499944723,23.4801260055009,1.5512951999917277,1.3253499992060824,2.3883849994490447,0.46604080898246214,113.92629520000628,116.01444999996602,130.74053999998793,13.423893078405278,72.19001399997433,64.97904999923776,120.12667999997574,19.755220693049072,258.3831850000206,260.0511499986169,320.855639999263,37.210489928417665,330.5731989999949,330.7702500005689,436.01460499912713,49.04764477588669,2.0,2.0,2.0,0.0,6.173470290150113,6.046516840572937,7.411437435605457,0.8443344693645819,14.582198846319983,15.38957592423073,17.333611041412173,2.724081652734191,64.97904999923776,3320.7275390625,3353.68310546875,7786.0,7786.0,22.76531534274656,23.163887451256358,71.12321732026143,69.93500963391934,353.444,88.342,0.24994624325211348,127.602,0.0,3488.0,4588.5
T0_sdpa_awq64_r100,pope,sdpa,none,1.0,64,500,500,0,0.848,0.9009009009009009,0.7874015748031497,0.8403361344537815,0.444,0.848,POPE accuracy,0.8354430379746834,0.85,0.818,0.878,9.059717000032833,8.278999999674852,16.353759999765316,2.9348222051666286,133.49317580003844,129.15125000017724,177.00045500114354,22.638518204651728,1.4021823999646585,1.1937499994019163,2.1616099994389515,0.4684897493984252,157.23225679996176,161.10289999960514,172.17006000073522,13.140600501903064,72.16249759998755,64.59439999980532,121.53881500062195,20.84296177033646,301.18733199999775,295.8951000000525,363.9328500009469,35.03279534667292,373.3498295999853,370.8722500023214,477.1092099994347,46.24532486150086,2.0,2.0,2.0,0.0,5.431857002691624,5.3927004735818524,6.271972424728159,0.6130618738925728,14.629970853938234,15.481221728827524,17.470666750510574,2.7557162998389533,64.59439999980532,3346.24267578125,3362.66162109375,7786.0,7786.0,25.947786605007103,26.198441957914607,70.82502454545454,69.92265343167269,353.444,353.444,1.0,392.704,0.0,3544.0,4644.5
T1_sdpa_awq64_r75,pope,sdpa,visionzip,0.75,64,500,500,0,0.85,0.8942731277533039,0.7992125984251969,0.8440748440748441,0.454,0.85,POPE accuracy,0.8328075709779181,0.8658536585365854,0.82,0.88,8.906790600030945,8.078999999270309,15.983980001055896,2.899125040117304,133.05334639996,129.07484999959706,178.8167299993802,23.303937253077873,6.671697400011908,6.043100000169943,9.856120000949884,1.8647389088829882,137.5017674000119,139.40455000010843,152.56363000080455,17.62195288041056,71.97868819995347,64.74005000018224,120.41682500066598,20.103554430409112,286.13360180001473,292.7025999997568,351.8763049980407,39.11801392763064,358.1122899999682,357.32000000189146,463.1330349995551,50.41603391203872,2.0,2.0,2.0,0.0,5.694728581216703,5.597223800981312,7.305901582225438,0.8000849000216984,14.631653934952752,15.44638910032927,17.37952412092276,2.7120342009951295,64.74005000018224,3337.1337890625,3354.31787109375,7786.0,7786.0,26.187633449092246,25.588997626315265,72.54781714285713,71.29982406333053,353.444,265.102,0.7500537567478864,304.362,0.0,3556.0,4656.5
T2_sdpa_awq64_r50,pope,sdpa,visionzip,0.5,64,500,500,0,0.85,0.8942731277533039,0.7992125984251969,0.8440748440748441,0.454,0.85,POPE accuracy,0.8328075709779181,0.8658536585365854,0.82,0.878,8.975943200053734,8.054099999753817,16.564105000543343,3.0287829402051463,133.11162280002463,128.24915000055626,178.06771999948978,23.065027629250007,6.612487000074907,5.920550000155345,10.340059998725335,1.8586924623159171,111.51481200003036,102.51635000076931,140.67296500070367,18.61828736577592,72.05989840003531,64.78429999970103,120.58875499978966,19.916608033694573,260.21486500018364,260.21550000041316,342.0228650000353,39.22174437309377,332.2747634002189,324.71964999876946,451.24488000155895,53.10463774077207,2.0,2.0,2.0,0.0,6.156467227300961,6.159159141508626,7.792462713646051,0.8853249178541711,14.606669285135318,15.435838637684817,17.318931195638612,2.703684737811157,64.78429999970103,3328.87109375,3353.68310546875,7786.0,7786.0,23.772654032295133,23.431600553285044,72.52546794871793,70.51175399008018,353.444,176.744,0.5000622446554475,216.004,0.0,3556.0,4656.5
T3_sdpa_awq64_r25,pope,sdpa,visionzip,0.25,64,500,500,0,0.834,0.8976744186046511,0.7598425196850394,0.8230277185501065,0.43,0.834,POPE accuracy,0.8038585209003215,0.8607594936708861,0.802,0.866,8.784270400035894,8.050149999689893,15.731870000945484,2.8568522666149105,132.80002159998548,130.50529999964056,176.90634000118732,23.0985097334912,6.58079459999135,5.944249999629392,9.68719000056808,1.690553486539272,85.9231407999905,83.05695000035485,133.3871499986344,19.112741016673343,71.78212859994164,64.74879999950645,119.80668999995032,19.584093519458815,234.08822740000323,231.47290000088105,325.8493849993101,41.5147356521236,305.8703559999448,298.99359999944863,446.8746700011252,57.63119211978586,2.0,2.0,2.0,0.0,6.7303323948827325,6.689106405523432,8.216544039452568,1.0424340089011024,14.644111865592096,15.444303936303847,17.285642820091905,2.668694096257449,64.74879999950645,3320.888671875,3353.68310546875,7786.0,7786.0,20.57170832514339,20.860801263657013,70.61962719298245,68.39911355531446,353.444,88.342,0.24994624325211348,127.602,0.0,3550.0,4650.5
E0_eager_r100,pope,eager,none,1.0,1024,500,500,0,0.848,0.9009009009009009,0.7874015748031497,0.8403361344537815,0.444,0.848,POPE accuracy,0.8354430379746834,0.85,0.818,0.878,9.067402599979687,8.29539999995177,15.086925000923655,2.9143393169405556,225.47246860001906,219.16479999981675,314.5205499994515,49.592523527262784,1.4083879999852797,1.21579999995447,2.1932950005066227,0.44730520155242715,307.8355337999892,311.5229499999259,357.26109999959584,43.60999683083959,71.44064340000114,64.02135000098497,120.51825500029734,20.323457879894278,543.7837929999733,533.1620500010104,709.778715001994,84.12627206251395,615.2244363999744,606.2990000000354,814.3725350006206,93.1333965651301,2.0,2.0,2.0,0.0,3.323968284880252,3.2987030718470765,4.23544492113006,0.4940433087101926,14.76520461526253,15.619791138446569,17.682049526548763,2.7700373116256665,64.02135000098497,3519.50732421875,3848.587890625,7786.0,7786.0,43.74637450327461,43.387910079890354,71.1659895273899,70.5080300880626,353.444,353.444,1.0,392.704,0.0,3962.0,5062.5
E1_eager_r75,pope,eager,visionzip,0.75,1024,500,500,0,0.85,0.8942731277533039,0.7992125984251969,0.8440748440748441,0.454,0.85,POPE accuracy,0.8328075709779181,0.8658536585365854,0.82,0.88,9.113125800042326,8.259950000137906,16.48425499979566,3.183081611325166,225.3705925999966,219.18119999918417,341.3085500008489,50.541222197710816,6.54092620002848,5.974550000246381,9.573405000082857,1.5863203757319848,244.47868839998046,248.64235000040935,282.16961999924024,31.45009630350137,71.47409979994336,64.52579999950103,120.0596899994707,19.283047434999933,485.5033330000478,474.4045499992353,636.0734449982373,75.6210412011718,556.9774327999912,547.8825000018333,743.6382350011627,85.51646107373745,2.0,2.0,2.0,0.0,3.672147177474167,3.650417909436757,4.669911140572519,0.5432667366106083,14.697079578036707,15.497677160991255,17.502942739930663,2.6737900250716478,64.52579999950103,3519.50732421875,3848.587890625,7786.0,7786.0,36.736049930658815,36.74135228871323,66.33293073593074,65.83733506201109,353.444,265.102,0.7500537567478864,304.362,0.0,3956.0,5056.5
E2_eager_r50,pope,eager,visionzip,0.5,1024,500,500,0,0.85,0.8942731277533039,0.7992125984251969,0.8440748440748441,0.454,0.85,POPE accuracy,0.8328075709779181,0.8658536585365854,0.82,0.878,9.065529999967112,8.277400000224588,16.87334000080227,3.036573092599719,224.71372140006497,222.22190000047704,335.867884998606,49.96217877328672,6.65302200001679,6.000550000862859,9.679014999619538,1.87006133156939,175.5032709999723,174.56600000059552,202.29402499990096,21.915200039806304,71.77580940006374,64.59894999989046,119.64565499902163,19.922300112826935,415.93554440002123,403.04565000042203,560.4896599987114,67.63793571007149,487.7113538000849,474.3926499977533,668.0831450012192,78.6118254075233,2.0,2.0,2.0,0.0,4.199860610269594,4.215931644260902,5.2789452861863575,0.6303245005892221,14.668076883812082,15.480128125641976,17.586295500843345,2.7218216270642284,64.59894999989046,3519.50732421875,3848.587890625,7786.0,7786.0,32.194684467244045,32.44345020505942,67.325803030303,66.48190517036736,353.444,176.744,0.5000622446554475,216.004,0.0,3956.0,5056.5
E3_eager_r25,pope,eager,visionzip,0.25,1024,500,500,0,0.836,0.9018691588785047,0.7598425196850394,0.8247863247863247,0.428,0.836,POPE accuracy,0.8038585209003215,0.8662420382165605,0.804,0.868,9.088112199995521,8.313950000228942,16.394749998653417,2.846509903728498,225.48038720001205,219.99555000002147,328.40411500092137,51.270697617648274,6.621298399961233,6.02930000059132,10.100619998775073,1.7233197133191824,109.34418819998609,113.12325000017154,123.99024499827647,12.803667890636456,71.91161619999548,65.2982499996142,120.04939499984175,20.086909886786017,350.53398599995484,338.97370000067895,490.8431750020098,64.59557067280315,422.4456021999504,401.22784999948635,592.3963399985947,79.07186872436516,2.0,2.0,2.0,0.0,4.878590638847014,4.984699056358499,6.126861000597783,0.7934476196545477,14.638046564650285,15.314346384356199,17.247786419086438,2.684479259529879,65.2982499996142,3519.50732421875,3848.587890625,7786.0,7786.0,27.765066119476145,27.768032826073156,67.23632738095236,65.83998827015907,353.444,88.342,0.24994624325211348,127.602,0.0,3952.0,5052.5
C0_sdpa_r100,textvqa,sdpa,none,1.0,1024,500,500,0,,,,,,0.7746000000000001,TextVQA VQA-accuracy,,,0.739,0.8076049999999999,21.755104000011475,19.57699999998397,36.011244999826886,7.697325528946388,379.5328937999896,394.8997000002237,466.5634000010414,50.16254947262617,1.7907258000106197,1.4132500002688175,3.3393149999909237,1.0581314772678718,621.0728645999951,518.2750499998292,878.1470400000271,191.1210790876043,259.39308300002665,145.97109999999702,706.0723600000122,391.8855459477,1024.1515882000067,957.1569999999667,1303.9910000005875,175.7862195120651,1283.5446712000332,1245.1112999992802,1743.455035000396,427.04845133280065,4.628,3.0,9.049999999999955,5.354526861995526,3.2498200818164475,2.876514214838875,6.418500656596081,1.8346665265237585,14.549852122352725,15.609659170941004,17.287787278632084,2.925443628429004,64.06290000018089,3506.747802734375,3524.890625,7782.0,7786.0,92.3658184369424,94.5349842890045,75.01528077249577,74.27512243624815,935.692,935.692,1.0,975.146,0.49,3786.0,4886.5
C1_sdpa_r75,textvqa,sdpa,visionzip,0.75,1024,500,500,0,,,,,,0.7724,TextVQA VQA-accuracy,,,0.735795,0.8068,21.791827400010423,19.771649999810847,35.50269000056118,7.7073910741490455,378.7664496000128,394.22465000006923,465.0177049999854,49.0960550829567,35.67673760001648,37.75409999980184,42.05602999973052,5.921318515608733,637.0659685999993,656.682050000029,707.2279400003252,65.07075436366723,258.2417459999964,142.5222000000872,682.9202850000208,391.78762603636045,1073.3009832000391,1118.588449999777,1210.9833949999768,116.75227024355111,1331.5427292000356,1258.634549999897,1728.1758799998422,405.807696067069,4.616,3.0,10.0,5.357793940776712,3.0853190096785355,2.664796593344689,5.949436878434377,1.7336801021719397,14.592484398372365,15.558858643627314,17.39493471606256,2.8771216480346484,64.27206666664156,3445.6962890625,3455.33203125,7782.0,7786.0,96.19946538560785,98.51021399400442,75.80606008454106,74.69113936174766,935.692,701.702,0.749928395241169,741.156,0.0,3752.0,4852.5
C2_sdpa_r50,textvqa,sdpa,visionzip,0.5,1024,500,500,0,,,,,,0.7515999999999999,TextVQA VQA-accuracy,,,0.71619,0.7868099999999999,21.788218399973573,19.954799999595707,35.49712499997212,7.531226038700492,378.9578308000178,393.9927999997508,463.389465000256,48.25770278176199,35.63030060000858,38.201399999707064,41.95380500007104,5.909918755279796,422.6150836000164,431.78480000017316,469.48148000010406,39.76062104500603,259.0448907999719,144.2864500002088,633.1219749999245,396.71665073529215,858.9914334000165,890.6468499990297,974.9898349998886,91.34332681927056,1118.0363241999885,1032.1489499999643,1510.5604249978562,405.7245692370675,4.608,3.0,9.049999999999955,5.356839315763524,3.6450702624998383,3.239681568551865,6.68331408957104,1.831036792013512,14.500460846728405,15.420927311621567,17.145698113099375,2.8067988676615507,64.84694354842378,3445.6962890625,3455.33203125,7782.0,7786.0,78.2617405437344,80.94212114244326,74.57105519005846,73.46681863129929,935.692,468.002,0.5001667215280242,507.456,0.0,3742.0,4842.5
C3_sdpa_r25,textvqa,sdpa,visionzip,0.25,1024,500,500,0,,,,,,0.6456000000000001,TextVQA VQA-accuracy,,,0.604195,0.6846,21.813303600003252,19.96669999994083,35.480694999995414,7.45964616087862,378.7794655999816,393.73245000024326,462.6344149997066,49.44688591378198,35.6592741999992,37.98500000027616,41.8407299996943,5.814947428275594,233.22381919996585,234.74280000027647,261.6200200000776,21.393728678615723,252.56265440001633,141.54424999992443,563.5153450004508,394.8847288305251,669.4758625999498,686.470399999962,780.596350000468,74.19799430879678,922.0385169999662,831.5433500000609,1270.3003499998072,403.49731458549974,4.532,3.0,9.049999999999955,5.311629016188087,4.348600792345414,3.9381041242369124,7.557934074345551,1.9383748475378735,14.489802108064922,15.390185911300971,17.159979170703757,2.847423057504507,64.97647499998038,3445.6962890625,3455.33203125,7782.0,7786.0,62.3164498791748,66.00119522837166,74.41156402439026,72.95641563762308,935.692,233.99,0.2500716047588309,273.444,0.0,3730.0,4830.5
U2_sdpa_uniform_r50,textvqa,sdpa,uniform,0.5,1024,500,500,0,,,,,,0.7334,TextVQA VQA-accuracy,,,0.6957949999999999,0.7690049999999999,21.70612259999973,19.897050000167837,35.27181499990775,7.340106638040636,378.181677399998,394.4363499999781,465.40230999977433,48.81134969949849,1.8462199999832762,1.4910499999132298,3.0160249999823896,0.9964518681335305,423.04972480001544,430.8783000001313,470.173500000044,40.034048181724266,242.66523280002068,147.50790000016423,570.664469999996,362.25015523317717,824.7837447999965,852.3981500002265,934.5857549996424,86.17229236539643,1067.448977600017,992.5877999999102,1415.3146249988931,370.4727753940065,4.37,3.0,8.049999999999955,4.733911684820425,3.6963725648259222,3.3309107598167196,6.567250486133752,1.717318507508909,14.492319387938027,15.416667386524086,17.15918295104231,2.7854089315890542,64.86486250004089,3437.36865234375,3442.98193359375,7782.0,7786.0,73.6713238471744,76.28958159470677,73.01773809523809,72.37601277405555,935.692,468.002,0.5001667215280242,507.456,0.0,3614.0,4714.5
U3_sdpa_uniform_r25,textvqa,sdpa,uniform,0.25,1024,500,500,0,,,,,,0.578,TextVQA VQA-accuracy,,,0.5374,0.6180049999999999,21.689090800008046,19.6205999995982,36.09998000022755,7.5502060441865915,378.6367478000084,394.180550000101,465.4192600001408,49.30662900151862,1.86254599997514,1.4644499998439642,4.178189999959156,0.9690232354080305,233.50734000000972,234.74884999995993,261.53812999991715,21.51616295609544,225.64331519999396,140.26145000002543,510.8533700000862,305.38974469260097,635.6957246000012,654.5492999998714,736.7661600002178,69.2861146509242,861.3390397999951,793.0370999999923,1226.2506150001398,317.25673301800236,4.116,3.0,7.0499999999999545,4.158500963150188,4.384878624844252,4.090881393539847,7.046285557508671,1.7056838339388112,14.420081417088632,15.318791933787024,17.116048154896557,2.8556703664606835,65.27930716846049,3437.36865234375,3442.98193359375,7782.0,7786.0,58.10924221702716,60.758259279811284,72.74629153726703,71.3308741168057,935.692,233.99,0.2500716047588309,273.444,0.0,3602.0,4702.5
T0_sdpa_awq64_r100,textvqa,sdpa,none,1.0,64,500,500,0,,,,,,0.7746000000000001,TextVQA VQA-accuracy,,,0.739,0.8076049999999999,21.60174940000701,19.781149999971603,35.04169499988165,7.21134131624715,378.2674646000156,393.62290000008215,465.45983000002303,49.059233302704136,1.6978707999919607,1.3767000002644636,2.7182200003608132,0.941329482229753,400.4087022000127,402.67160000004765,440.8747350001704,44.21625322649239,261.0853439999949,141.77600000039092,701.8900850000585,394.8574396332423,801.9757870000274,843.4239499998739,934.448970001631,92.95763306240752,1063.0611310000222,975.7527000003847,1514.2940800000583,409.3875641567399,4.632,3.0,9.049999999999955,5.354055268264538,3.8605987424763,3.4425160279307914,7.047550478060427,1.8637475379522581,14.478849273220646,15.326825555403891,17.206626804676265,2.7959263883624934,65.2450833333281,3506.747802734375,3524.890625,7782.0,7786.0,73.54248655896757,77.20535029602145,74.94544783549783,73.7524675123775,935.692,935.692,1.0,975.146,0.49,3786.0,4886.5
T1_sdpa_awq64_r75,textvqa,sdpa,visionzip,0.75,64,500,500,0,,,,,,0.7717999999999999,TextVQA VQA-accuracy,,,0.7353949999999999,0.8062,21.617552399991467,19.803799999976945,35.83972000005814,7.670689291581151,378.3253869999711,394.00445000012496,463.7141349999524,49.25598244102957,35.71837860000605,37.48679999966953,42.134914999979856,5.930271843932494,289.124732600019,314.80195000006006,322.6245299999391,35.00976435685444,257.97002040001115,143.4511500001463,673.8858050000526,392.9742956895001,724.7860505999877,765.1321499999995,861.0539249998737,90.14495396720554,982.7560709999989,898.951699999543,1392.0604200000953,407.25053569302344,4.62,3.0,10.0,5.356957530910242,4.163435095074049,3.803835689319283,7.330813220835808,1.9239098453338466,14.560740554303047,15.410543643009143,17.316323282765612,2.813599042948685,64.89063749994983,3445.6962890625,3455.33203125,7782.0,7786.0,67.60143332483467,70.43757558971937,74.36827676460656,72.81924332769712,935.692,701.702,0.749928395241169,741.156,0.0,3750.0,4850.5
T2_sdpa_awq64_r50,textvqa,sdpa,visionzip,0.5,64,500,500,0,,,,,,0.7504,TextVQA VQA-accuracy,,,0.7153949999999999,0.7864000000000001,21.530946200006298,19.50055000008888,35.473364999312196,7.604413152057475,378.5487482000196,394.8616499997115,463.92186499997194,49.102869119590174,35.614695400031394,37.74999999995998,41.839680000089174,5.845796635526538,189.34363240000863,201.9907500002205,206.75925500004269,17.686497912748646,257.55789339999876,147.404300000062,666.2700699999273,394.42075330721923,625.0380222000659,654.8165500001915,744.6558549998086,74.19739111213192,882.5959156000647,788.9765000002171,1278.1821699990132,405.3608291460138,4.608,3.0,9.049999999999955,5.357213405394812,4.61731370727866,4.305947800674959,7.961585811694951,1.9930730638060885,14.545894467651094,15.456153599750275,17.289820716383993,2.8359290600968596,64.69914999995581,3445.6962890625,3455.33203125,7782.0,7786.0,58.561204896916145,62.17062891272984,73.81669859307357,72.01251508645561,935.692,468.002,0.5001667215280242,507.456,0.0,3740.0,4840.5
T3_sdpa_awq64_r25,textvqa,sdpa,visionzip,0.25,64,500,500,0,,,,,,0.6462,TextVQA VQA-accuracy,,,0.604995,0.685005,21.779413600004517,19.87184999973124,35.28079500002831,7.4580334491319835,378.56076320000153,394.5424000000912,463.6525749998327,49.12255037730163,35.67377540000371,37.782300000117175,42.06435499998519,5.986818456338242,136.1909022000035,148.43259999997827,151.1861800001327,16.94193465766717,251.11987919999868,145.82685000004858,574.7833249999969,393.0857658515722,572.2048544000133,601.7398000005869,691.7477050000656,73.7456858719718,823.3247336000119,729.472650000389,1186.1301099999987,404.07521041058203,4.532,3.0,9.049999999999955,5.311629016188087,4.887256763097481,4.547133547402886,8.327372843523378,2.01232872865216,14.532338626690892,15.499773820263224,17.217183958613123,2.8351102808992823,64.51707499995032,3445.6962890625,3455.33203125,7782.0,7786.0,54.21709578015721,57.75431782347933,73.3579003771213,71.74237560185134,935.692,233.99,0.2500716047588309,273.444,0.0,3732.0,4832.5
E0_eager_r100,textvqa,eager,none,1.0,1024,500,500,0,,,,,,0.774,TextVQA VQA-accuracy,,,0.7385799999999999,0.8074,21.713507200011975,19.743199999766148,35.373134999940696,7.550234947842029,704.6058461999996,654.0345499998921,1273.089135000032,226.60638415750367,1.7145358000050237,1.4807000002292625,2.517140000003337,0.7774371352026228,574.7984355999797,487.4900499996784,809.076100000152,175.26366045302015,258.2549584000091,140.49929999987398,703.1153750000602,390.4805502682239,1302.8323247999963,1313.2362999999714,1715.0235299989617,221.51426617702634,1561.087283200005,1468.0377499989845,2185.7027700000353,458.1174984855551,4.63,3.0,9.049999999999955,5.354104300976164,2.694857875711811,2.2518180446123415,5.303287155427922,1.675067213301289,14.643427805438426,15.559135348466162,17.269044921887264,2.8870342180456863,64.27092500030085,5215.728515625,5390.982421875,7782.0,7786.0,102.39100695498763,103.78250781808661,68.8301370967742,67.38916316399721,935.692,935.692,1.0,975.146,0.49,5694.0,6794.5
E1_eager_r75,textvqa,eager,visionzip,0.75,1024,500,500,0,,,,,,0.7717999999999999,TextVQA VQA-accuracy,,,0.7358,0.805,21.704610599998517,19.93734999996377,35.31115500049964,7.439352091600055,705.2056393999987,655.0236499999755,1271.5338100000508,227.30886432800003,35.708673400005324,37.858750000168584,42.180530000072736,5.92958144890384,590.9846991999855,610.231549999753,646.7293750001431,56.33217373750007,256.9014112000014,138.9235499998449,673.0196050003075,392.5024648522472,1353.603622599988,1344.720400000142,1979.8510299995542,268.2139398389849,1610.5050337999894,1481.06305000033,2269.5671250005144,482.32653108389707,4.6,3.0,9.049999999999955,5.355498363873422,2.6052703465094056,2.2723295566613544,5.14621910335235,1.626404856391779,14.59102194798294,15.53148179512377,17.27379896410781,2.932313267594469,64.38535833331116,5215.728515625,5390.982421875,7782.0,7786.0,103.85747776103892,107.36755678972055,69.24857243319265,67.64862763187621,935.692,701.702,0.749928395241169,741.156,0.0,5670.0,6770.5
E2_eager_r50,textvqa,eager,visionzip,0.5,1024,500,500,0,,,,,,0.7502,TextVQA VQA-accuracy,,,0.7148,0.7858049999999999,21.72890999999731,19.9176000000989,35.51550999999335,7.583653575540375,704.9320568000053,647.6998499999809,1276.0384649999423,227.99580774125045,35.83626660000667,37.76259999995091,42.21649499999103,5.934228330067977,397.36479539999266,404.92295000026957,433.04729000001316,33.69763224471029,259.0672574000024,141.50234999988243,665.414490000055,397.4790724956933,1159.8620288000018,1127.7498500007823,1764.2972149994193,252.83899453257854,1418.9292862000043,1272.6719999996021,2078.253699999704,479.58648443473237,4.614,3.0,9.049999999999955,5.355218083462417,2.961673440462114,2.614921443620001,5.677494780973955,1.724814826162506,14.50949612278618,15.409147863923259,17.239297563601372,2.865108446557185,64.89658333339321,5215.728515625,5390.982421875,7782.0,7786.0,86.65213062820214,91.32147739015213,67.63833876811596,65.66138389042567,935.692,468.002,0.5001667215280242,507.456,0.0,5662.0,6762.5
E3_eager_r25,textvqa,eager,visionzip,0.25,1024,500,500,0,,,,,,0.6467999999999999,TextVQA VQA-accuracy,,,0.606175,0.6864049999999999,21.712232199982935,19.723399999747926,36.139125000170225,7.6765519928247885,704.7238835999905,650.6549999996878,1279.065684999864,226.7891781599898,35.69740880002046,37.7264999997351,42.126484999926106,5.946249738279194,219.95910680001765,221.36849999992592,246.58303499993508,19.430348384092525,252.41752140003018,141.95979999931296,588.2249250000085,392.3556624189134,982.0926314000117,943.1029500001387,1573.3352850007577,241.6428328065131,1234.5101528000416,1090.4234999993605,1861.264565000192,470.2120815068853,4.534,3.0,9.049999999999955,5.312748308472589,3.3543658155614358,2.9140582083702418,6.707774278549585,1.8115790588393434,14.455909822583902,15.337540981481377,17.04172278660297,2.7896251741502973,65.19949999989194,5215.728515625,5390.982421875,7782.0,7786.0,72.94041785464414,77.60712678027092,65.93821785714286,64.14327035693694,935.692,233.99,0.2500716047588309,273.444,0.0,5650.0,6750.5
